Workbook

Sheet Élèves
A1: Liste de la classe — Synthèse des évaluations
A3: N° | B3: Nom Prénom | C3: BB2 12-05-26 /20 | D3: BB2 12-05-26 /12 | E3: Moyenne /20 | F3: Moyenne /12
A4: 1 | B4: Élève 1 | C4: =IFERROR('BB2 12-05-26'!H47,"") | D4: =IFERROR('BB2 12-05-26'!H48,"") | E4: =IF(C4="","",C4) | F4: =IF(D4="","",D4)
A5: 2 | B5: Élève 2 | C5: =IFERROR('BB2 12-05-26'!K47,"") | D5: =IFERROR('BB2 12-05-26'!K48,"") | E5: =IF(C5="","",C5) | F5: =IF(D5="","",D5)
A6: 3 | B6: Élève 3 | C6: =IFERROR('BB2 12-05-26'!N47,"") | D6: =IFERROR('BB2 12-05-26'!N48,"") | E6: =IF(C6="","",C6) | F6: =IF(D6="","",D6)
A7: 4 | B7: Élève 4 | C7: =IFERROR('BB2 12-05-26'!Q47,"") | D7: =IFERROR('BB2 12-05-26'!Q48,"") | E7: =IF(C7="","",C7) | F7: =IF(D7="","",D7)
A8: 5 | B8: Élève 5 | C8: =IFERROR('BB2 12-05-26'!T47,"") | D8: =IFERROR('BB2 12-05-26'!T48,"") | E8: =IF(C8="","",C8) | F8: =IF(D8="","",D8)
A9: 6 | B9: Élève 6 | C9: =IFERROR('BB2 12-05-26'!W47,"") | D9: =IFERROR('BB2 12-05-26'!W48,"") | E9: =IF(C9="","",C9) | F9: =IF(D9="","",D9)
A10: 7 | B10: Élève 7 | C10: =IFERROR('BB2 12-05-26'!Z47,"") | D10: =IFERROR('BB2 12-05-26'!Z48,"") | E10: =IF(C10="","",C10) | F10: =IF(D10="","",D10)
A11: 8 | B11: Élève 8 | C11: =IFERROR('BB2 12-05-26'!AC47,"") | D11: =IFERROR('BB2 12-05-26'!AC48,"") | E11: =IF(C11="","",C11) | F11: =IF(D11="","",D11)
A12: 9 | B12: Élève 9 | C12: =IFERROR('BB2 12-05-26'!AF47,"") | D12: =IFERROR('BB2 12-05-26'!AF48,"") | E12: =IF(C12="","",C12) | F12: =IF(D12="","",D12)
A13: 10 | B13: Élève 10 | C13: =IFERROR('BB2 12-05-26'!AI47,"") | D13: =IFERROR('BB2 12-05-26'!AI48,"") | E13: =IF(C13="","",C13) | F13: =IF(D13="","",D13)
A14: 11 | B14: Élève 11 | C14: =IFERROR('BB2 12-05-26'!AL47,"") | D14: =IFERROR('BB2 12-05-26'!AL48,"") | E14: =IF(C14="","",C14) | F14: =IF(D14="","",D14)
A15: 12 | B15: Élève 12 | C15: =IFERROR('BB2 12-05-26'!AO47,"") | D15: =IFERROR('BB2 12-05-26'!AO48,"") | E15: =IF(C15="","",C15) | F15: =IF(D15="","",D15)
A16: 13 | B16: Élève 13 | C16: =IFERROR('BB2 12-05-26'!AR47,"") | D16: =IFERROR('BB2 12-05-26'!AR48,"") | E16: =IF(C16="","",C16) | F16: =IF(D16="","",D16)
A17: 14 | B17: Élève 14 | C17: =IFERROR('BB2 12-05-26'!AU47,"") | D17: =IFERROR('BB2 12-05-26'!AU48,"") | E17: =IF(C17="","",C17) | F17: =IF(D17="","",D17)
A18: 15 | B18: Élève 15 | C18: =IFERROR('BB2 12-05-26'!AX47,"") | D18: =IFERROR('BB2 12-05-26'!AX48,"") | E18: =IF(C18="","",C18) | F18: =IF(D18="","",D18)
A19: 16 | B19: Élève 16 | C19: =IFERROR('BB2 12-05-26'!BA47,"") | D19: =IFERROR('BB2 12-05-26'!BA48,"") | E19: =IF(C19="","",C19) | F19: =IF(D19="","",D19)
A20: 17 | B20: Élève 17 | C20: =IFERROR('BB2 12-05-26'!BD47,"") | D20: =IFERROR('BB2 12-05-26'!BD48,"") | E20: =IF(C20="","",C20) | F20: =IF(D20="","",D20)
A21: 18 | B21: Élève 18 | C21: =IFERROR('BB2 12-05-26'!BG47,"") | D21: =IFERROR('BB2 12-05-26'!BG48,"") | E21: =IF(C21="","",C21) | F21: =IF(D21="","",D21)
A22: 19 | B22: Élève 19 | C22: =IFERROR('BB2 12-05-26'!BJ47,"") | D22: =IFERROR('BB2 12-05-26'!BJ48,"") | E22: =IF(C22="","",C22) | F22: =IF(D22="","",D22)
A23: 20 | B23: Élève 20 | C23: =IFERROR('BB2 12-05-26'!BM47,"") | D23: =IFERROR('BB2 12-05-26'!BM48,"") | E23: =IF(C23="","",C23) | F23: =IF(D23="","",D23)
A24: 21 | B24: Élève 21 | C24: =IFERROR('BB2 12-05-26'!BP47,"") | D24: =IFERROR('BB2 12-05-26'!BP48,"") | E24: =IF(C24="","",C24) | F24: =IF(D24="","",D24)
A25: 22 | B25: Élève 22 | C25: =IFERROR('BB2 12-05-26'!BS47,"") | D25: =IFERROR('BB2 12-05-26'!BS48,"") | E25: =IF(C25="","",C25) | F25: =IF(D25="","",D25)
A26: 23 | B26: Élève 23 | C26: =IFERROR('BB2 12-05-26'!BV47,"") | D26: =IFERROR('BB2 12-05-26'!BV48,"") | E26: =IF(C26="","",C26) | F26: =IF(D26="","",D26)
A27: 24 | B27: Élève 24 | C27: =IFERROR('BB2 12-05-26'!BY47,"") | D27: =IFERROR('BB2 12-05-26'!BY48,"") | E27: =IF(C27="","",C27) | F27: =IF(D27="","",D27)
A28: 25 | C28: =IFERROR('BB2 12-05-26'!CB47,"") | D28: =IFERROR('BB2 12-05-26'!CB48,"") | E28: =IF(C28="","",C28) | F28: =IF(D28="","",D28)
A29: 26 | C29: =IFERROR('BB2 12-05-26'!CE47,"") | D29: =IFERROR('BB2 12-05-26'!CE48,"") | E29: =IF(C29="","",C29) | F29: =IF(D29="","",D29)
A30: 27 | C30: =IFERROR('BB2 12-05-26'!CH47,"") | D30: =IFERROR('BB2 12-05-26'!CH48,"") | E30: =IF(C30="","",C30) | F30: =IF(D30="","",D30)
A31: 28 | C31: =IFERROR('BB2 12-05-26'!CK47,"") | D31: =IFERROR('BB2 12-05-26'!CK48,"") | E31: =IF(C31="","",C31) | F31: =IF(D31="","",D31)
A32: 29 | C32: =IFERROR('BB2 12-05-26'!CN47,"") | D32: =IFERROR('BB2 12-05-26'!CN48,"") | E32: =IF(C32="","",C32) | F32: =IF(D32="","",D32)
A33: 30 | C33: =IFERROR('BB2 12-05-26'!CQ47,"") | D33: =IFERROR('BB2 12-05-26'!CQ48,"") | E33: =IF(C33="","",C33) | F33: =IF(D33="","",D33)
B35: Moyenne classe | C35: =IFERROR(AVERAGE(C4:C33),"") | D35: =IFERROR(AVERAGE(D4:D33),"")

Sheet BB2 12-05-26
A1: BAC BLANC N°2 — 12-05-2026 — STI2D 2I2D — Site AQUALYON
A2: Analyse des performances de la station de méthanisation de la Feyssine — Partie commune (12 pts)
A3: N° | B3: Partie | C3: Question | D3: Type | E3: Critère / attendu | F3: Poids | G3: =IFERROR(IF(Élèves!B4="","E1",Élèves!B4),"E1") | J3: =IFERROR(IF(Élèves!B5="","E2",Élèves!B5),"E2") | M3: =IFERROR(IF(Élèves!B6="","E3",Élèves!B6),"E3") | P3: =IFERROR(IF(Élèves!B7="","E4",Élèves!B7),"E4") | S3: =IFERROR(IF(Élèves!B8="","E5",Élèves!B8),"E5") | V3: =IFERROR(IF(Élèves!B9="","E6",Élèves!B9),"E6") | Y3: =IFERROR(IF(Élèves!B10="","E7",Élèves!B10),"E7") | AB3: =IFERROR(IF(Élèves!B11="","E8",Élèves!B11),"E8") | AE3: =IFERROR(IF(Élèves!B12="","E9",Élèves!B12),"E9") | AH3: =IFERROR(IF(Élèves!B13="","E10",Élèves!B13),"E10") | AK3: =IFERROR(IF(Élèves!B14="","E11",Élèves!B14),"E11") | AN3: =IFERROR(IF(Élèves!B15="","E12",Élèves!B15),"E12") | AQ3: =IFERROR(IF(Élèves!B16="","E13",Élèves!B16),"E13") | AT3: =IFERROR(IF(Élèves!B17="","E14",Élèves!B17),"E14") | AW3: =IFERROR(IF(Élèves!B18="","E15",Élèves!B18),"E15") | AZ3: =IFERROR(IF(Élèves!B19="","E16",Élèves!B19),"E16") | BC3: =IFERROR(IF(Élèves!B20="","E17",Élèves!B20),"E17") | BF3: =IFERROR(IF(Élèves!B21="","E18",Élèves!B21),"E18") | BI3: =IFERROR(IF(Élèves!B22="","E19",Élèves!B22),"E19") | BL3: =IFERROR(IF(Élèves!B23="","E20",Élèves!B23),"E20") | BO3: =IFERROR(IF(Élèves!B24="","E21",Élèves!B24),"E21") | BR3: =IFERROR(IF(Élèves!B25="","E22",Élèves!B25),"E22") | BU3: =IFERROR(IF(Élèves!B26="","E23",Élèves!B26),"E23") | BX3: =IFERROR(IF(Élèves!B27="","E24",Élèves!B27),"E24") | CA3: =IFERROR(IF(Élèves!B28="","E25",Élèves!B28),"E25") | CD3: =IFERROR(IF(Élèves!B29="","E26",Élèves!B29),"E26") | CG3: =IFERROR(IF(Élèves!B30="","E27",Élèves!B30),"E27") | CJ3: =IFERROR(IF(Élèves!B31="","E28",Élèves!B31),"E28") | CM3: =IFERROR(IF(Élèves!B32="","E29",Élèves!B32),"E29") | CP3: =IFERROR(IF(Élèves!B33="","E30",Élèves!B33),"E30")
G4: Saisie | H4: Note | I4: ⚠ | J4: Saisie | K4: Note | L4: ⚠ | M4: Saisie | N4: Note | O4: ⚠ | P4: Saisie | Q4: Note | R4: ⚠ | S4: Saisie | T4: Note | U4: ⚠ | V4: Saisie | W4: Note | X4: ⚠ | Y4: Saisie | Z4: Note | AA4: ⚠ | AB4: Saisie | AC4: Note | AD4: ⚠ | AE4: Saisie | AF4: Note | AG4: ⚠ | AH4: Saisie | AI4: Note | AJ4: ⚠ | AK4: Saisie | AL4: Note | AM4: ⚠ | AN4: Saisie | AO4: Note | AP4: ⚠ | AQ4: Saisie | AR4: Note | AS4: ⚠ | AT4: Saisie | AU4: Note | AV4: ⚠ | AW4: Saisie | AX4: Note | AY4: ⚠ | AZ4: Saisie | BA4: Note | BB4: ⚠ | BC4: Saisie | BD4: Note | BE4: ⚠ | BF4: Saisie | BG4: Note | BH4: ⚠ | BI4: Saisie | BJ4: Note | BK4: ⚠ | BL4: Saisie | BM4: Note | BN4: ⚠ | BO4: Saisie | BP4: Note | BQ4: ⚠ | BR4: Saisie | BS4: Note | BT4: ⚠ | BU4: Saisie | BV4: Note | BW4: ⚠ | BX4: Saisie | BY4: Note | BZ4: ⚠ | CA4: Saisie | CB4: Note | CC4: ⚠ | CD4: Saisie | CE4: Note | CF4: ⚠ | CG4: Saisie | CH4: Note | CI4: ⚠ | CJ4: Saisie | CK4: Note | CL4: ⚠ | CM4: Saisie | CN4: Note | CO4: ⚠ | CP4: Saisie | CQ4: Note | CR4: ⚠
B5: P1 | D5: Partie | E5: Comment la station de la Feyssine permet-elle de répondre aux besoins de la métropole ? | F5: 0.2 | H5: =IFERROR(SUM(H6:H12)/(SUMPRODUCT(($F$6:$F$12)*(G6:G12<>"")*(G6:G12<>"NE"))*$F$5),"") | K5: =IFERROR(SUM(K6:K12)/(SUMPRODUCT(($F$6:$F$12)*(J6:J12<>"")*(J6:J12<>"NE"))*$F$5),"") | N5: =IFERROR(SUM(N6:N12)/(SUMPRODUCT(($F$6:$F$12)*(M6:M12<>"")*(M6:M12<>"NE"))*$F$5),"") | Q5: =IFERROR(SUM(Q6:Q12)/(SUMPRODUCT(($F$6:$F$12)*(P6:P12<>"")*(P6:P12<>"NE"))*$F$5),"") | T5: =IFERROR(SUM(T6:T12)/(SUMPRODUCT(($F$6:$F$12)*(S6:S12<>"")*(S6:S12<>"NE"))*$F$5),"") | W5: =IFERROR(SUM(W6:W12)/(SUMPRODUCT(($F$6:$F$12)*(V6:V12<>"")*(V6:V12<>"NE"))*$F$5),"") | Z5: =IFERROR(SUM(Z6:Z12)/(SUMPRODUCT(($F$6:$F$12)*(Y6:Y12<>"")*(Y6:Y12<>"NE"))*$F$5),"") | AC5: =IFERROR(SUM(AC6:AC12)/(SUMPRODUCT(($F$6:$F$12)*(AB6:AB12<>"")*(AB6:AB12<>"NE"))*$F$5),"") | AF5: =IFERROR(SUM(AF6:AF12)/(SUMPRODUCT(($F$6:$F$12)*(AE6:AE12<>"")*(AE6:AE12<>"NE"))*$F$5),"") | AI5: =IFERROR(SUM(AI6:AI12)/(SUMPRODUCT(($F$6:$F$12)*(AH6:AH12<>"")*(AH6:AH12<>"NE"))*$F$5),"") | AL5: =IFERROR(SUM(AL6:AL12)/(SUMPRODUCT(($F$6:$F$12)*(AK6:AK12<>"")*(AK6:AK12<>"NE"))*$F$5),"") | AO5: =IFERROR(SUM(AO6:AO12)/(SUMPRODUCT(($F$6:$F$12)*(AN6:AN12<>"")*(AN6:AN12<>"NE"))*$F$5),"") | AR5: =IFERROR(SUM(AR6:AR12)/(SUMPRODUCT(($F$6:$F$12)*(AQ6:AQ12<>"")*(AQ6:AQ12<>"NE"))*$F$5),"") | AU5: =IFERROR(SUM(AU6:AU12)/(SUMPRODUCT(($F$6:$F$12)*(AT6:AT12<>"")*(AT6:AT12<>"NE"))*$F$5),"") | AX5: =IFERROR(SUM(AX6:AX12)/(SUMPRODUCT(($F$6:$F$12)*(AW6:AW12<>"")*(AW6:AW12<>"NE"))*$F$5),"") | BA5: =IFERROR(SUM(BA6:BA12)/(SUMPRODUCT(($F$6:$F$12)*(AZ6:AZ12<>"")*(AZ6:AZ12<>"NE"))*$F$5),"") | BD5: =IFERROR(SUM(BD6:BD12)/(SUMPRODUCT(($F$6:$F$12)*(BC6:BC12<>"")*(BC6:BC12<>"NE"))*$F$5),"") | BG5: =IFERROR(SUM(BG6:BG12)/(SUMPRODUCT(($F$6:$F$12)*(BF6:BF12<>"")*(BF6:BF12<>"NE"))*$F$5),"") | BJ5: =IFERROR(SUM(BJ6:BJ12)/(SUMPRODUCT(($F$6:$F$12)*(BI6:BI12<>"")*(BI6:BI12<>"NE"))*$F$5),"") | BM5: =IFERROR(SUM(BM6:BM12)/(SUMPRODUCT(($F$6:$F$12)*(BL6:BL12<>"")*(BL6:BL12<>"NE"))*$F$5),"") | BP5: =IFERROR(SUM(BP6:BP12)/(SUMPRODUCT(($F$6:$F$12)*(BO6:BO12<>"")*(BO6:BO12<>"NE"))*$F$5),"") | BS5: =IFERROR(SUM(BS6:BS12)/(SUMPRODUCT(($F$6:$F$12)*(BR6:BR12<>"")*(BR6:BR12<>"NE"))*$F$5),"") | BV5: =IFERROR(SUM(BV6:BV12)/(SUMPRODUCT(($F$6:$F$12)*(BU6:BU12<>"")*(BU6:BU12<>"NE"))*$F$5),"") | BY5: =IFERROR(SUM(BY6:BY12)/(SUMPRODUCT(($F$6:$F$12)*(BX6:BX12<>"")*(BX6:BX12<>"NE"))*$F$5),"") | CB5: =IFERROR(SUM(CB6:CB12)/(SUMPRODUCT(($F$6:$F$12)*(CA6:CA12<>"")*(CA6:CA12<>"NE"))*$F$5),"") | CE5: =IFERROR(SUM(CE6:CE12)/(SUMPRODUCT(($F$6:$F$12)*(CD6:CD12<>"")*(CD6:CD12<>"NE"))*$F$5),"") | CH5: =IFERROR(SUM(CH6:CH12)/(SUMPRODUCT(($F$6:$F$12)*(CG6:CG12<>"")*(CG6:CG12<>"NE"))*$F$5),"") | CK5: =IFERROR(SUM(CK6:CK12)/(SUMPRODUCT(($F$6:$F$12)*(CJ6:CJ12<>"")*(CJ6:CJ12<>"NE"))*$F$5),"") | CN5: =IFERROR(SUM(CN6:CN12)/(SUMPRODUCT(($F$6:$F$12)*(CM6:CM12<>"")*(CM6:CM12<>"NE"))*$F$5),"") | CQ5: =IFERROR(SUM(CQ6:CQ12)/(SUMPRODUCT(($F$6:$F$12)*(CP6:CP12<>"")*(CP6:CP12<>"NE"))*$F$5),"")
A6: 1 | B6: P1 | C6: Q1.1 | D6: Critère | E6: La station de Saint-Fons est saturée en DBO. | F6: 0.15 | H6: =IF(G6="","",IF(G6="NE","",(IFERROR(IF(ISNUMBER(G6),G6,VALUE(G6)),0)/2)*$F6*$F$5*20)) | I6: =IF(G6="","◄",IF(G6="NE","~","")) | K6: =IF(J6="","",IF(J6="NE","",(IFERROR(IF(ISNUMBER(J6),J6,VALUE(J6)),0)/2)*$F6*$F$5*20)) | L6: =IF(J6="","◄",IF(J6="NE","~","")) | N6: =IF(M6="","",IF(M6="NE","",(IFERROR(IF(ISNUMBER(M6),M6,VALUE(M6)),0)/2)*$F6*$F$5*20)) | O6: =IF(M6="","◄",IF(M6="NE","~","")) | Q6: =IF(P6="","",IF(P6="NE","",(IFERROR(IF(ISNUMBER(P6),P6,VALUE(P6)),0)/2)*$F6*$F$5*20)) | R6: =IF(P6="","◄",IF(P6="NE","~","")) | T6: =IF(S6="","",IF(S6="NE","",(IFERROR(IF(ISNUMBER(S6),S6,VALUE(S6)),0)/2)*$F6*$F$5*20)) | U6: =IF(S6="","◄",IF(S6="NE","~","")) | W6: =IF(V6="","",IF(V6="NE","",(IFERROR(IF(ISNUMBER(V6),V6,VALUE(V6)),0)/2)*$F6*$F$5*20)) | X6: =IF(V6="","◄",IF(V6="NE","~","")) | Z6: =IF(Y6="","",IF(Y6="NE","",(IFERROR(IF(ISNUMBER(Y6),Y6,VALUE(Y6)),0)/2)*$F6*$F$5*20)) | AA6: =IF(Y6="","◄",IF(Y6="NE","~","")) | AC6: =IF(AB6="","",IF(AB6="NE","",(IFERROR(IF(ISNUMBER(AB6),AB6,VALUE(AB6)),0)/2)*$F6*$F$5*20)) | AD6: =IF(AB6="","◄",IF(AB6="NE","~","")) | AF6: =IF(AE6="","",IF(AE6="NE","",(IFERROR(IF(ISNUMBER(AE6),AE6,VALUE(AE6)),0)/2)*$F6*$F$5*20)) | AG6: =IF(AE6="","◄",IF(AE6="NE","~","")) | AI6: =IF(AH6="","",IF(AH6="NE","",(IFERROR(IF(ISNUMBER(AH6),AH6,VALUE(AH6)),0)/2)*$F6*$F$5*20)) | AJ6: =IF(AH6="","◄",IF(AH6="NE","~","")) | AL6: =IF(AK6="","",IF(AK6="NE","",(IFERROR(IF(ISNUMBER(AK6),AK6,VALUE(AK6)),0)/2)*$F6*$F$5*20)) | AM6: =IF(AK6="","◄",IF(AK6="NE","~","")) | AO6: =IF(AN6="","",IF(AN6="NE","",(IFERROR(IF(ISNUMBER(AN6),AN6,VALUE(AN6)),0)/2)*$F6*$F$5*20)) | AP6: =IF(AN6="","◄",IF(AN6="NE","~","")) | AR6: =IF(AQ6="","",IF(AQ6="NE","",(IFERROR(IF(ISNUMBER(AQ6),AQ6,VALUE(AQ6)),0)/2)*$F6*$F$5*20)) | AS6: =IF(AQ6="","◄",IF(AQ6="NE","~","")) | AU6: =IF(AT6="","",IF(AT6="NE","",(IFERROR(IF(ISNUMBER(AT6),AT6,VALUE(AT6)),0)/2)*$F6*$F$5*20)) | AV6: =IF(AT6="","◄",IF(AT6="NE","~","")) | AX6: =IF(AW6="","",IF(AW6="NE","",(IFERROR(IF(ISNUMBER(AW6),AW6,VALUE(AW6)),0)/2)*$F6*$F$5*20)) | AY6: =IF(AW6="","◄",IF(AW6="NE","~","")) | BA6: =IF(AZ6="","",IF(AZ6="NE","",(IFERROR(IF(ISNUMBER(AZ6),AZ6,VALUE(AZ6)),0)/2)*$F6*$F$5*20)) | BB6: =IF(AZ6="","◄",IF(AZ6="NE","~","")) | BD6: =IF(BC6="","",IF(BC6="NE","",(IFERROR(IF(ISNUMBER(BC6),BC6,VALUE(BC6)),0)/2)*$F6*$F$5*20)) | BE6: =IF(BC6="","◄",IF(BC6="NE","~","")) | BG6: =IF(BF6="","",IF(BF6="NE","",(IFERROR(IF(ISNUMBER(BF6),BF6,VALUE(BF6)),0)/2)*$F6*$F$5*20)) | BH6: =IF(BF6="","◄",IF(BF6="NE","~","")) | BJ6: =IF(BI6="","",IF(BI6="NE","",(IFERROR(IF(ISNUMBER(BI6),BI6,VALUE(BI6)),0)/2)*$F6*$F$5*20)) | BK6: =IF(BI6="","◄",IF(BI6="NE","~","")) | BM6: =IF(BL6="","",IF(BL6="NE","",(IFERROR(IF(ISNUMBER(BL6),BL6,VALUE(BL6)),0)/2)*$F6*$F$5*20)) | BN6: =IF(BL6="","◄",IF(BL6="NE","~","")) | BP6: =IF(BO6="","",IF(BO6="NE","",(IFERROR(IF(ISNUMBER(BO6),BO6,VALUE(BO6)),0)/2)*$F6*$F$5*20)) | BQ6: =IF(BO6="","◄",IF(BO6="NE","~","")) | BS6: =IF(BR6="","",IF(BR6="NE","",(IFERROR(IF(ISNUMBER(BR6),BR6,VALUE(BR6)),0)/2)*$F6*$F$5*20)) | BT6: =IF(BR6="","◄",IF(BR6="NE","~","")) | BV6: =IF(BU6="","",IF(BU6="NE","",(IFERROR(IF(ISNUMBER(BU6),BU6,VALUE(BU6)),0)/2)*$F6*$F$5*20)) | BW6: =IF(BU6="","◄",IF(BU6="NE","~","")) | BY6: =IF(BX6="","",IF(BX6="NE","",(IFERROR(IF(ISNUMBER(BX6),BX6,VALUE(BX6)),0)/2)*$F6*$F$5*20)) | BZ6: =IF(BX6="","◄",IF(BX6="NE","~","")) | CB6: =IF(CA6="","",IF(CA6="NE","",(IFERROR(IF(ISNUMBER(CA6),CA6,VALUE(CA6)),0)/2)*$F6*$F$5*20)) | CC6: =IF(CA6="","◄",IF(CA6="NE","~","")) | CE6: =IF(CD6="","",IF(CD6="NE","",(IFERROR(IF(ISNUMBER(CD6),CD6,VALUE(CD6)),0)/2)*$F6*$F$5*20)) | CF6: =IF(CD6="","◄",IF(CD6="NE","~","")) | CH6: =IF(CG6="","",IF(CG6="NE","",(IFERROR(IF(ISNUMBER(CG6),CG6,VALUE(CG6)),0)/2)*$F6*$F$5*20)) | CI6: =IF(CG6="","◄",IF(CG6="NE","~","")) | CK6: =IF(CJ6="","",IF(CJ6="NE","",(IFERROR(IF(ISNUMBER(CJ6),CJ6,VALUE(CJ6)),0)/2)*$F6*$F$5*20)) | CL6: =IF(CJ6="","◄",IF(CJ6="NE","~","")) | CN6: =IF(CM6="","",IF(CM6="NE","",(IFERROR(IF(ISNUMBER(CM6),CM6,VALUE(CM6)),0)/2)*$F6*$F$5*20)) | CO6: =IF(CM6="","◄",IF(CM6="NE","~","")) | CQ6: =IF(CP6="","",IF(CP6="NE","",(IFERROR(IF(ISNUMBER(CP6),CP6,VALUE(CP6)),0)/2)*$F6*$F$5*20)) | CR6: =IF(CP6="","◄",IF(CP6="NE","~",""))
A7: 2 | B7: P1 | C7: Q1.1 | D7: Critère | E7: Il faut construire une nouvelle station pour répondre à l'augmentation de population. | F7: 0.15 | H7: =IF(G7="","",IF(G7="NE","",(IFERROR(IF(ISNUMBER(G7),G7,VALUE(G7)),0)/2)*$F7*$F$5*20)) | I7: =IF(G7="","◄",IF(G7="NE","~","")) | K7: =IF(J7="","",IF(J7="NE","",(IFERROR(IF(ISNUMBER(J7),J7,VALUE(J7)),0)/2)*$F7*$F$5*20)) | L7: =IF(J7="","◄",IF(J7="NE","~","")) | N7: =IF(M7="","",IF(M7="NE","",(IFERROR(IF(ISNUMBER(M7),M7,VALUE(M7)),0)/2)*$F7*$F$5*20)) | O7: =IF(M7="","◄",IF(M7="NE","~","")) | Q7: =IF(P7="","",IF(P7="NE","",(IFERROR(IF(ISNUMBER(P7),P7,VALUE(P7)),0)/2)*$F7*$F$5*20)) | R7: =IF(P7="","◄",IF(P7="NE","~","")) | T7: =IF(S7="","",IF(S7="NE","",(IFERROR(IF(ISNUMBER(S7),S7,VALUE(S7)),0)/2)*$F7*$F$5*20)) | U7: =IF(S7="","◄",IF(S7="NE","~","")) | W7: =IF(V7="","",IF(V7="NE","",(IFERROR(IF(ISNUMBER(V7),V7,VALUE(V7)),0)/2)*$F7*$F$5*20)) | X7: =IF(V7="","◄",IF(V7="NE","~","")) | Z7: =IF(Y7="","",IF(Y7="NE","",(IFERROR(IF(ISNUMBER(Y7),Y7,VALUE(Y7)),0)/2)*$F7*$F$5*20)) | AA7: =IF(Y7="","◄",IF(Y7="NE","~","")) | AC7: =IF(AB7="","",IF(AB7="NE","",(IFERROR(IF(ISNUMBER(AB7),AB7,VALUE(AB7)),0)/2)*$F7*$F$5*20)) | AD7: =IF(AB7="","◄",IF(AB7="NE","~","")) | AF7: =IF(AE7="","",IF(AE7="NE","",(IFERROR(IF(ISNUMBER(AE7),AE7,VALUE(AE7)),0)/2)*$F7*$F$5*20)) | AG7: =IF(AE7="","◄",IF(AE7="NE","~","")) | AI7: =IF(AH7="","",IF(AH7="NE","",(IFERROR(IF(ISNUMBER(AH7),AH7,VALUE(AH7)),0)/2)*$F7*$F$5*20)) | AJ7: =IF(AH7="","◄",IF(AH7="NE","~","")) | AL7: =IF(AK7="","",IF(AK7="NE","",(IFERROR(IF(ISNUMBER(AK7),AK7,VALUE(AK7)),0)/2)*$F7*$F$5*20)) | AM7: =IF(AK7="","◄",IF(AK7="NE","~","")) | AO7: =IF(AN7="","",IF(AN7="NE","",(IFERROR(IF(ISNUMBER(AN7),AN7,VALUE(AN7)),0)/2)*$F7*$F$5*20)) | AP7: =IF(AN7="","◄",IF(AN7="NE","~","")) | AR7: =IF(AQ7="","",IF(AQ7="NE","",(IFERROR(IF(ISNUMBER(AQ7),AQ7,VALUE(AQ7)),0)/2)*$F7*$F$5*20)) | AS7: =IF(AQ7="","◄",IF(AQ7="NE","~","")) | AU7: =IF(AT7="","",IF(AT7="NE","",(IFERROR(IF(ISNUMBER(AT7),AT7,VALUE(AT7)),0)/2)*$F7*$F$5*20)) | AV7: =IF(AT7="","◄",IF(AT7="NE","~","")) | AX7: =IF(AW7="","",IF(AW7="NE","",(IFERROR(IF(ISNUMBER(AW7),AW7,VALUE(AW7)),0)/2)*$F7*$F$5*20)) | AY7: =IF(AW7="","◄",IF(AW7="NE","~","")) | BA7: =IF(AZ7="","",IF(AZ7="NE","",(IFERROR(IF(ISNUMBER(AZ7),AZ7,VALUE(AZ7)),0)/2)*$F7*$F$5*20)) | BB7: =IF(AZ7="","◄",IF(AZ7="NE","~","")) | BD7: =IF(BC7="","",IF(BC7="NE","",(IFERROR(IF(ISNUMBER(BC7),BC7,VALUE(BC7)),0)/2)*$F7*$F$5*20)) | BE7: =IF(BC7="","◄",IF(BC7="NE","~","")) | BG7: =IF(BF7="","",IF(BF7="NE","",(IFERROR(IF(ISNUMBER(BF7),BF7,VALUE(BF7)),0)/2)*$F7*$F$5*20)) | BH7: =IF(BF7="","◄",IF(BF7="NE","~","")) | BJ7: =IF(BI7="","",IF(BI7="NE","",(IFERROR(IF(ISNUMBER(BI7),BI7,VALUE(BI7)),0)/2)*$F7*$F$5*20)) | BK7: =IF(BI7="","◄",IF(BI7="NE","~","")) | BM7: =IF(BL7="","",IF(BL7="NE","",(IFERROR(IF(ISNUMBER(BL7),BL7,VALUE(BL7)),0)/2)*$F7*$F$5*20)) | BN7: =IF(BL7="","◄",IF(BL7="NE","~","")) | BP7: =IF(BO7="","",IF(BO7="NE","",(IFERROR(IF(ISNUMBER(BO7),BO7,VALUE(BO7)),0)/2)*$F7*$F$5*20)) | BQ7: =IF(BO7="","◄",IF(BO7="NE","~","")) | BS7: =IF(BR7="","",IF(BR7="NE","",(IFERROR(IF(ISNUMBER(BR7),BR7,VALUE(BR7)),0)/2)*$F7*$F$5*20)) | BT7: =IF(BR7="","◄",IF(BR7="NE","~","")) | BV7: =IF(BU7="","",IF(BU7="NE","",(IFERROR(IF(ISNUMBER(BU7),BU7,VALUE(BU7)),0)/2)*$F7*$F$5*20)) | BW7: =IF(BU7="","◄",IF(BU7="NE","~","")) | BY7: =IF(BX7="","",IF(BX7="NE","",(IFERROR(IF(ISNUMBER(BX7),BX7,VALUE(BX7)),0)/2)*$F7*$F$5*20)) | BZ7: =IF(BX7="","◄",IF(BX7="NE","~","")) | CB7: =IF(CA7="","",IF(CA7="NE","",(IFERROR(IF(ISNUMBER(CA7),CA7,VALUE(CA7)),0)/2)*$F7*$F$5*20)) | CC7: =IF(CA7="","◄",IF(CA7="NE","~","")) | CE7: =IF(CD7="","",IF(CD7="NE","",(IFERROR(IF(ISNUMBER(CD7),CD7,VALUE(CD7)),0)/2)*$F7*$F$5*20)) | CF7: =IF(CD7="","◄",IF(CD7="NE","~","")) | CH7: =IF(CG7="","",IF(CG7="NE","",(IFERROR(IF(ISNUMBER(CG7),CG7,VALUE(CG7)),0)/2)*$F7*$F$5*20)) | CI7: =IF(CG7="","◄",IF(CG7="NE","~","")) | CK7: =IF(CJ7="","",IF(CJ7="NE","",(IFERROR(IF(ISNUMBER(CJ7),CJ7,VALUE(CJ7)),0)/2)*$F7*$F$5*20)) | CL7: =IF(CJ7="","◄",IF(CJ7="NE","~","")) | CN7: =IF(CM7="","",IF(CM7="NE","",(IFERROR(IF(ISNUMBER(CM7),CM7,VALUE(CM7)),0)/2)*$F7*$F$5*20)) | CO7: =IF(CM7="","◄",IF(CM7="NE","~","")) | CQ7: =IF(CP7="","",IF(CP7="NE","",(IFERROR(IF(ISNUMBER(CP7),CP7,VALUE(CP7)),0)/2)*$F7*$F$5*20)) | CR7: =IF(CP7="","◄",IF(CP7="NE","~",""))
A8: 3 | B8: P1 | C8: Q1.2 | D8: Critère | E8: Justification : terrain près du Rhône, près du périphérique, point altimétrique bas, entouré de parc naturel (pas d'habitation proche). | F8: 0.15 | H8: =IF(G8="","",IF(G8="NE","",(IFERROR(IF(ISNUMBER(G8),G8,VALUE(G8)),0)/2)*$F8*$F$5*20)) | I8: =IF(G8="","◄",IF(G8="NE","~","")) | K8: =IF(J8="","",IF(J8="NE","",(IFERROR(IF(ISNUMBER(J8),J8,VALUE(J8)),0)/2)*$F8*$F$5*20)) | L8: =IF(J8="","◄",IF(J8="NE","~","")) | N8: =IF(M8="","",IF(M8="NE","",(IFERROR(IF(ISNUMBER(M8),M8,VALUE(M8)),0)/2)*$F8*$F$5*20)) | O8: =IF(M8="","◄",IF(M8="NE","~","")) | Q8: =IF(P8="","",IF(P8="NE","",(IFERROR(IF(ISNUMBER(P8),P8,VALUE(P8)),0)/2)*$F8*$F$5*20)) | R8: =IF(P8="","◄",IF(P8="NE","~","")) | T8: =IF(S8="","",IF(S8="NE","",(IFERROR(IF(ISNUMBER(S8),S8,VALUE(S8)),0)/2)*$F8*$F$5*20)) | U8: =IF(S8="","◄",IF(S8="NE","~","")) | W8: =IF(V8="","",IF(V8="NE","",(IFERROR(IF(ISNUMBER(V8),V8,VALUE(V8)),0)/2)*$F8*$F$5*20)) | X8: =IF(V8="","◄",IF(V8="NE","~","")) | Z8: =IF(Y8="","",IF(Y8="NE","",(IFERROR(IF(ISNUMBER(Y8),Y8,VALUE(Y8)),0)/2)*$F8*$F$5*20)) | AA8: =IF(Y8="","◄",IF(Y8="NE","~","")) | AC8: =IF(AB8="","",IF(AB8="NE","",(IFERROR(IF(ISNUMBER(AB8),AB8,VALUE(AB8)),0)/2)*$F8*$F$5*20)) | AD8: =IF(AB8="","◄",IF(AB8="NE","~","")) | AF8: =IF(AE8="","",IF(AE8="NE","",(IFERROR(IF(ISNUMBER(AE8),AE8,VALUE(AE8)),0)/2)*$F8*$F$5*20)) | AG8: =IF(AE8="","◄",IF(AE8="NE","~","")) | AI8: =IF(AH8="","",IF(AH8="NE","",(IFERROR(IF(ISNUMBER(AH8),AH8,VALUE(AH8)),0)/2)*$F8*$F$5*20)) | AJ8: =IF(AH8="","◄",IF(AH8="NE","~","")) | AL8: =IF(AK8="","",IF(AK8="NE","",(IFERROR(IF(ISNUMBER(AK8),AK8,VALUE(AK8)),0)/2)*$F8*$F$5*20)) | AM8: =IF(AK8="","◄",IF(AK8="NE","~","")) | AO8: =IF(AN8="","",IF(AN8="NE","",(IFERROR(IF(ISNUMBER(AN8),AN8,VALUE(AN8)),0)/2)*$F8*$F$5*20)) | AP8: =IF(AN8="","◄",IF(AN8="NE","~","")) | AR8: =IF(AQ8="","",IF(AQ8="NE","",(IFERROR(IF(ISNUMBER(AQ8),AQ8,VALUE(AQ8)),0)/2)*$F8*$F$5*20)) | AS8: =IF(AQ8="","◄",IF(AQ8="NE","~","")) | AU8: =IF(AT8="","",IF(AT8="NE","",(IFERROR(IF(ISNUMBER(AT8),AT8,VALUE(AT8)),0)/2)*$F8*$F$5*20)) | AV8: =IF(AT8="","◄",IF(AT8="NE","~","")) | AX8: =IF(AW8="","",IF(AW8="NE","",(IFERROR(IF(ISNUMBER(AW8),AW8,VALUE(AW8)),0)/2)*$F8*$F$5*20)) | AY8: =IF(AW8="","◄",IF(AW8="NE","~","")) | BA8: =IF(AZ8="","",IF(AZ8="NE","",(IFERROR(IF(ISNUMBER(AZ8),AZ8,VALUE(AZ8)),0)/2)*$F8*$F$5*20)) | BB8: =IF(AZ8="","◄",IF(AZ8="NE","~","")) | BD8: =IF(BC8="","",IF(BC8="NE","",(IFERROR(IF(ISNUMBER(BC8),BC8,VALUE(BC8)),0)/2)*$F8*$F$5*20)) | BE8: =IF(BC8="","◄",IF(BC8="NE","~","")) | BG8: =IF(BF8="","",IF(BF8="NE","",(IFERROR(IF(ISNUMBER(BF8),BF8,VALUE(BF8)),0)/2)*$F8*$F$5*20)) | BH8: =IF(BF8="","◄",IF(BF8="NE","~","")) | BJ8: =IF(BI8="","",IF(BI8="NE","",(IFERROR(IF(ISNUMBER(BI8),BI8,VALUE(BI8)),0)/2)*$F8*$F$5*20)) | BK8: =IF(BI8="","◄",IF(BI8="NE","~","")) | BM8: =IF(BL8="","",IF(BL8="NE","",(IFERROR(IF(ISNUMBER(BL8),BL8,VALUE(BL8)),0)/2)*$F8*$F$5*20)) | BN8: =IF(BL8="","◄",IF(BL8="NE","~","")) | BP8: =IF(BO8="","",IF(BO8="NE","",(IFERROR(IF(ISNUMBER(BO8),BO8,VALUE(BO8)),0)/2)*$F8*$F$5*20)) | BQ8: =IF(BO8="","◄",IF(BO8="NE","~","")) | BS8: =IF(BR8="","",IF(BR8="NE","",(IFERROR(IF(ISNUMBER(BR8),BR8,VALUE(BR8)),0)/2)*$F8*$F$5*20)) | BT8: =IF(BR8="","◄",IF(BR8="NE","~","")) | BV8: =IF(BU8="","",IF(BU8="NE","",(IFERROR(IF(ISNUMBER(BU8),BU8,VALUE(BU8)),0)/2)*$F8*$F$5*20)) | BW8: =IF(BU8="","◄",IF(BU8="NE","~","")) | BY8: =IF(BX8="","",IF(BX8="NE","",(IFERROR(IF(ISNUMBER(BX8),BX8,VALUE(BX8)),0)/2)*$F8*$F$5*20)) | BZ8: =IF(BX8="","◄",IF(BX8="NE","~","")) | CB8: =IF(CA8="","",IF(CA8="NE","",(IFERROR(IF(ISNUMBER(CA8),CA8,VALUE(CA8)),0)/2)*$F8*$F$5*20)) | CC8: =IF(CA8="","◄",IF(CA8="NE","~","")) | CE8: =IF(CD8="","",IF(CD8="NE","",(IFERROR(IF(ISNUMBER(CD8),CD8,VALUE(CD8)),0)/2)*$F8*$F$5*20)) | CF8: =IF(CD8="","◄",IF(CD8="NE","~","")) | CH8: =IF(CG8="","",IF(CG8="NE","",(IFERROR(IF(ISNUMBER(CG8),CG8,VALUE(CG8)),0)/2)*$F8*$F$5*20)) | CI8: =IF(CG8="","◄",IF(CG8="NE","~","")) | CK8: =IF(CJ8="","",IF(CJ8="NE","",(IFERROR(IF(ISNUMBER(CJ8),CJ8,VALUE(CJ8)),0)/2)*$F8*$F$5*20)) | CL8: =IF(CJ8="","◄",IF(CJ8="NE","~","")) | CN8: =IF(CM8="","",IF(CM8="NE","",(IFERROR(IF(ISNUMBER(CM8),CM8,VALUE(CM8)),0)/2)*$F8*$F$5*20)) | CO8: =IF(CM8="","◄",IF(CM8="NE","~","")) | CQ8: =IF(CP8="","",IF(CP8="NE","",(IFERROR(IF(ISNUMBER(CP8),CP8,VALUE(CP8)),0)/2)*$F8*$F$5*20)) | CR8: =IF(CP8="","◄",IF(CP8="NE","~",""))
A9: 4 | B9: P1 | C9: Q1.3 | D9: Critère | E9: Surface lit roseaux = 10 m²/EqHab × 300 000 = 3 000 000 m² (300 ha). | F9: 0.15 | H9: =IF(G9="","",IF(G9="NE","",(IFERROR(IF(ISNUMBER(G9),G9,VALUE(G9)),0)/2)*$F9*$F$5*20)) | I9: =IF(G9="","◄",IF(G9="NE","~","")) | K9: =IF(J9="","",IF(J9="NE","",(IFERROR(IF(ISNUMBER(J9),J9,VALUE(J9)),0)/2)*$F9*$F$5*20)) | L9: =IF(J9="","◄",IF(J9="NE","~","")) | N9: =IF(M9="","",IF(M9="NE","",(IFERROR(IF(ISNUMBER(M9),M9,VALUE(M9)),0)/2)*$F9*$F$5*20)) | O9: =IF(M9="","◄",IF(M9="NE","~","")) | Q9: =IF(P9="","",IF(P9="NE","",(IFERROR(IF(ISNUMBER(P9),P9,VALUE(P9)),0)/2)*$F9*$F$5*20)) | R9: =IF(P9="","◄",IF(P9="NE","~","")) | T9: =IF(S9="","",IF(S9="NE","",(IFERROR(IF(ISNUMBER(S9),S9,VALUE(S9)),0)/2)*$F9*$F$5*20)) | U9: =IF(S9="","◄",IF(S9="NE","~","")) | W9: =IF(V9="","",IF(V9="NE","",(IFERROR(IF(ISNUMBER(V9),V9,VALUE(V9)),0)/2)*$F9*$F$5*20)) | X9: =IF(V9="","◄",IF(V9="NE","~","")) | Z9: =IF(Y9="","",IF(Y9="NE","",(IFERROR(IF(ISNUMBER(Y9),Y9,VALUE(Y9)),0)/2)*$F9*$F$5*20)) | AA9: =IF(Y9="","◄",IF(Y9="NE","~","")) | AC9: =IF(AB9="","",IF(AB9="NE","",(IFERROR(IF(ISNUMBER(AB9),AB9,VALUE(AB9)),0)/2)*$F9*$F$5*20)) | AD9: =IF(AB9="","◄",IF(AB9="NE","~","")) | AF9: =IF(AE9="","",IF(AE9="NE","",(IFERROR(IF(ISNUMBER(AE9),AE9,VALUE(AE9)),0)/2)*$F9*$F$5*20)) | AG9: =IF(AE9="","◄",IF(AE9="NE","~","")) | AI9: =IF(AH9="","",IF(AH9="NE","",(IFERROR(IF(ISNUMBER(AH9),AH9,VALUE(AH9)),0)/2)*$F9*$F$5*20)) | AJ9: =IF(AH9="","◄",IF(AH9="NE","~","")) | AL9: =IF(AK9="","",IF(AK9="NE","",(IFERROR(IF(ISNUMBER(AK9),AK9,VALUE(AK9)),0)/2)*$F9*$F$5*20)) | AM9: =IF(AK9="","◄",IF(AK9="NE","~","")) | AO9: =IF(AN9="","",IF(AN9="NE","",(IFERROR(IF(ISNUMBER(AN9),AN9,VALUE(AN9)),0)/2)*$F9*$F$5*20)) | AP9: =IF(AN9="","◄",IF(AN9="NE","~","")) | AR9: =IF(AQ9="","",IF(AQ9="NE","",(IFERROR(IF(ISNUMBER(AQ9),AQ9,VALUE(AQ9)),0)/2)*$F9*$F$5*20)) | AS9: =IF(AQ9="","◄",IF(AQ9="NE","~","")) | AU9: =IF(AT9="","",IF(AT9="NE","",(IFERROR(IF(ISNUMBER(AT9),AT9,VALUE(AT9)),0)/2)*$F9*$F$5*20)) | AV9: =IF(AT9="","◄",IF(AT9="NE","~","")) | AX9: =IF(AW9="","",IF(AW9="NE","",(IFERROR(IF(ISNUMBER(AW9),AW9,VALUE(AW9)),0)/2)*$F9*$F$5*20)) | AY9: =IF(AW9="","◄",IF(AW9="NE","~","")) | BA9: =IF(AZ9="","",IF(AZ9="NE","",(IFERROR(IF(ISNUMBER(AZ9),AZ9,VALUE(AZ9)),0)/2)*$F9*$F$5*20)) | BB9: =IF(AZ9="","◄",IF(AZ9="NE","~","")) | BD9: =IF(BC9="","",IF(BC9="NE","",(IFERROR(IF(ISNUMBER(BC9),BC9,VALUE(BC9)),0)/2)*$F9*$F$5*20)) | BE9: =IF(BC9="","◄",IF(BC9="NE","~","")) | BG9: =IF(BF9="","",IF(BF9="NE","",(IFERROR(IF(ISNUMBER(BF9),BF9,VALUE(BF9)),0)/2)*$F9*$F$5*20)) | BH9: =IF(BF9="","◄",IF(BF9="NE","~","")) | BJ9: =IF(BI9="","",IF(BI9="NE","",(IFERROR(IF(ISNUMBER(BI9),BI9,VALUE(BI9)),0)/2)*$F9*$F$5*20)) | BK9: =IF(BI9="","◄",IF(BI9="NE","~","")) | BM9: =IF(BL9="","",IF(BL9="NE","",(IFERROR(IF(ISNUMBER(BL9),BL9,VALUE(BL9)),0)/2)*$F9*$F$5*20)) | BN9: =IF(BL9="","◄",IF(BL9="NE","~","")) | BP9: =IF(BO9="","",IF(BO9="NE","",(IFERROR(IF(ISNUMBER(BO9),BO9,VALUE(BO9)),0)/2)*$F9*$F$5*20)) | BQ9: =IF(BO9="","◄",IF(BO9="NE","~","")) | BS9: =IF(BR9="","",IF(BR9="NE","",(IFERROR(IF(ISNUMBER(BR9),BR9,VALUE(BR9)),0)/2)*$F9*$F$5*20)) | BT9: =IF(BR9="","◄",IF(BR9="NE","~","")) | BV9: =IF(BU9="","",IF(BU9="NE","",(IFERROR(IF(ISNUMBER(BU9),BU9,VALUE(BU9)),0)/2)*$F9*$F$5*20)) | BW9: =IF(BU9="","◄",IF(BU9="NE","~","")) | BY9: =IF(BX9="","",IF(BX9="NE","",(IFERROR(IF(ISNUMBER(BX9),BX9,VALUE(BX9)),0)/2)*$F9*$F$5*20)) | BZ9: =IF(BX9="","◄",IF(BX9="NE","~","")) | CB9: =IF(CA9="","",IF(CA9="NE","",(IFERROR(IF(ISNUMBER(CA9),CA9,VALUE(CA9)),0)/2)*$F9*$F$5*20)) | CC9: =IF(CA9="","◄",IF(CA9="NE","~","")) | CE9: =IF(CD9="","",IF(CD9="NE","",(IFERROR(IF(ISNUMBER(CD9),CD9,VALUE(CD9)),0)/2)*$F9*$F$5*20)) | CF9: =IF(CD9="","◄",IF(CD9="NE","~","")) | CH9: =IF(CG9="","",IF(CG9="NE","",(IFERROR(IF(ISNUMBER(CG9),CG9,VALUE(CG9)),0)/2)*$F9*$F$5*20)) | CI9: =IF(CG9="","◄",IF(CG9="NE","~","")) | CK9: =IF(CJ9="","",IF(CJ9="NE","",(IFERROR(IF(ISNUMBER(CJ9),CJ9,VALUE(CJ9)),0)/2)*$F9*$F$5*20)) | CL9: =IF(CJ9="","◄",IF(CJ9="NE","~","")) | CN9: =IF(CM9="","",IF(CM9="NE","",(IFERROR(IF(ISNUMBER(CM9),CM9,VALUE(CM9)),0)/2)*$F9*$F$5*20)) | CO9: =IF(CM9="","◄",IF(CM9="NE","~","")) | CQ9: =IF(CP9="","",IF(CP9="NE","",(IFERROR(IF(ISNUMBER(CP9),CP9,VALUE(CP9)),0)/2)*$F9*$F$5*20)) | CR9: =IF(CP9="","◄",IF(CP9="NE","~",""))
A10: 5 | B10: P1 | C10: Q1.3 | D10: Critère | E10: Conso énergie Boue Activée = 3,2 kWh/kgDBO5 × 17 100 = 54 720 kWh. | F10: 0.15 | H10: =IF(G10="","",IF(G10="NE","",(IFERROR(IF(ISNUMBER(G10),G10,VALUE(G10)),0)/2)*$F10*$F$5*20)) | I10: =IF(G10="","◄",IF(G10="NE","~","")) | K10: =IF(J10="","",IF(J10="NE","",(IFERROR(IF(ISNUMBER(J10),J10,VALUE(J10)),0)/2)*$F10*$F$5*20)) | L10: =IF(J10="","◄",IF(J10="NE","~","")) | N10: =IF(M10="","",IF(M10="NE","",(IFERROR(IF(ISNUMBER(M10),M10,VALUE(M10)),0)/2)*$F10*$F$5*20)) | O10: =IF(M10="","◄",IF(M10="NE","~","")) | Q10: =IF(P10="","",IF(P10="NE","",(IFERROR(IF(ISNUMBER(P10),P10,VALUE(P10)),0)/2)*$F10*$F$5*20)) | R10: =IF(P10="","◄",IF(P10="NE","~","")) | T10: =IF(S10="","",IF(S10="NE","",(IFERROR(IF(ISNUMBER(S10),S10,VALUE(S10)),0)/2)*$F10*$F$5*20)) | U10: =IF(S10="","◄",IF(S10="NE","~","")) | W10: =IF(V10="","",IF(V10="NE","",(IFERROR(IF(ISNUMBER(V10),V10,VALUE(V10)),0)/2)*$F10*$F$5*20)) | X10: =IF(V10="","◄",IF(V10="NE","~","")) | Z10: =IF(Y10="","",IF(Y10="NE","",(IFERROR(IF(ISNUMBER(Y10),Y10,VALUE(Y10)),0)/2)*$F10*$F$5*20)) | AA10: =IF(Y10="","◄",IF(Y10="NE","~","")) | AC10: =IF(AB10="","",IF(AB10="NE","",(IFERROR(IF(ISNUMBER(AB10),AB10,VALUE(AB10)),0)/2)*$F10*$F$5*20)) | AD10: =IF(AB10="","◄",IF(AB10="NE","~","")) | AF10: =IF(AE10="","",IF(AE10="NE","",(IFERROR(IF(ISNUMBER(AE10),AE10,VALUE(AE10)),0)/2)*$F10*$F$5*20)) | AG10: =IF(AE10="","◄",IF(AE10="NE","~","")) | AI10: =IF(AH10="","",IF(AH10="NE","",(IFERROR(IF(ISNUMBER(AH10),AH10,VALUE(AH10)),0)/2)*$F10*$F$5*20)) | AJ10: =IF(AH10="","◄",IF(AH10="NE","~","")) | AL10: =IF(AK10="","",IF(AK10="NE","",(IFERROR(IF(ISNUMBER(AK10),AK10,VALUE(AK10)),0)/2)*$F10*$F$5*20)) | AM10: =IF(AK10="","◄",IF(AK10="NE","~","")) | AO10: =IF(AN10="","",IF(AN10="NE","",(IFERROR(IF(ISNUMBER(AN10),AN10,VALUE(AN10)),0)/2)*$F10*$F$5*20)) | AP10: =IF(AN10="","◄",IF(AN10="NE","~","")) | AR10: =IF(AQ10="","",IF(AQ10="NE","",(IFERROR(IF(ISNUMBER(AQ10),AQ10,VALUE(AQ10)),0)/2)*$F10*$F$5*20)) | AS10: =IF(AQ10="","◄",IF(AQ10="NE","~","")) | AU10: =IF(AT10="","",IF(AT10="NE","",(IFERROR(IF(ISNUMBER(AT10),AT10,VALUE(AT10)),0)/2)*$F10*$F$5*20)) | AV10: =IF(AT10="","◄",IF(AT10="NE","~","")) | AX10: =IF(AW10="","",IF(AW10="NE","",(IFERROR(IF(ISNUMBER(AW10),AW10,VALUE(AW10)),0)/2)*$F10*$F$5*20)) | AY10: =IF(AW10="","◄",IF(AW10="NE","~","")) | BA10: =IF(AZ10="","",IF(AZ10="NE","",(IFERROR(IF(ISNUMBER(AZ10),AZ10,VALUE(AZ10)),0)/2)*$F10*$F$5*20)) | BB10: =IF(AZ10="","◄",IF(AZ10="NE","~","")) | BD10: =IF(BC10="","",IF(BC10="NE","",(IFERROR(IF(ISNUMBER(BC10),BC10,VALUE(BC10)),0)/2)*$F10*$F$5*20)) | BE10: =IF(BC10="","◄",IF(BC10="NE","~","")) | BG10: =IF(BF10="","",IF(BF10="NE","",(IFERROR(IF(ISNUMBER(BF10),BF10,VALUE(BF10)),0)/2)*$F10*$F$5*20)) | BH10: =IF(BF10="","◄",IF(BF10="NE","~","")) | BJ10: =IF(BI10="","",IF(BI10="NE","",(IFERROR(IF(ISNUMBER(BI10),BI10,VALUE(BI10)),0)/2)*$F10*$F$5*20)) | BK10: =IF(BI10="","◄",IF(BI10="NE","~","")) | BM10: =IF(BL10="","",IF(BL10="NE","",(IFERROR(IF(ISNUMBER(BL10),BL10,VALUE(BL10)),0)/2)*$F10*$F$5*20)) | BN10: =IF(BL10="","◄",IF(BL10="NE","~","")) | BP10: =IF(BO10="","",IF(BO10="NE","",(IFERROR(IF(ISNUMBER(BO10),BO10,VALUE(BO10)),0)/2)*$F10*$F$5*20)) | BQ10: =IF(BO10="","◄",IF(BO10="NE","~","")) | BS10: =IF(BR10="","",IF(BR10="NE","",(IFERROR(IF(ISNUMBER(BR10),BR10,VALUE(BR10)),0)/2)*$F10*$F$5*20)) | BT10: =IF(BR10="","◄",IF(BR10="NE","~","")) | BV10: =IF(BU10="","",IF(BU10="NE","",(IFERROR(IF(ISNUMBER(BU10),BU10,VALUE(BU10)),0)/2)*$F10*$F$5*20)) | BW10: =IF(BU10="","◄",IF(BU10="NE","~","")) | BY10: =IF(BX10="","",IF(BX10="NE","",(IFERROR(IF(ISNUMBER(BX10),BX10,VALUE(BX10)),0)/2)*$F10*$F$5*20)) | BZ10: =IF(BX10="","◄",IF(BX10="NE","~","")) | CB10: =IF(CA10="","",IF(CA10="NE","",(IFERROR(IF(ISNUMBER(CA10),CA10,VALUE(CA10)),0)/2)*$F10*$F$5*20)) | CC10: =IF(CA10="","◄",IF(CA10="NE","~","")) | CE10: =IF(CD10="","",IF(CD10="NE","",(IFERROR(IF(ISNUMBER(CD10),CD10,VALUE(CD10)),0)/2)*$F10*$F$5*20)) | CF10: =IF(CD10="","◄",IF(CD10="NE","~","")) | CH10: =IF(CG10="","",IF(CG10="NE","",(IFERROR(IF(ISNUMBER(CG10),CG10,VALUE(CG10)),0)/2)*$F10*$F$5*20)) | CI10: =IF(CG10="","◄",IF(CG10="NE","~","")) | CK10: =IF(CJ10="","",IF(CJ10="NE","",(IFERROR(IF(ISNUMBER(CJ10),CJ10,VALUE(CJ10)),0)/2)*$F10*$F$5*20)) | CL10: =IF(CJ10="","◄",IF(CJ10="NE","~","")) | CN10: =IF(CM10="","",IF(CM10="NE","",(IFERROR(IF(ISNUMBER(CM10),CM10,VALUE(CM10)),0)/2)*$F10*$F$5*20)) | CO10: =IF(CM10="","◄",IF(CM10="NE","~","")) | CQ10: =IF(CP10="","",IF(CP10="NE","",(IFERROR(IF(ISNUMBER(CP10),CP10,VALUE(CP10)),0)/2)*$F10*$F$5*20)) | CR10: =IF(CP10="","◄",IF(CP10="NE","~",""))
A11: 6 | B11: P1 | C11: Q1.3 | D11: Critère | E11: Coût biofiltre = 2 142 €/EqHab × 300 000 = 642,6 M€. | F11: 0.15 | H11: =IF(G11="","",IF(G11="NE","",(IFERROR(IF(ISNUMBER(G11),G11,VALUE(G11)),0)/2)*$F11*$F$5*20)) | I11: =IF(G11="","◄",IF(G11="NE","~","")) | K11: =IF(J11="","",IF(J11="NE","",(IFERROR(IF(ISNUMBER(J11),J11,VALUE(J11)),0)/2)*$F11*$F$5*20)) | L11: =IF(J11="","◄",IF(J11="NE","~","")) | N11: =IF(M11="","",IF(M11="NE","",(IFERROR(IF(ISNUMBER(M11),M11,VALUE(M11)),0)/2)*$F11*$F$5*20)) | O11: =IF(M11="","◄",IF(M11="NE","~","")) | Q11: =IF(P11="","",IF(P11="NE","",(IFERROR(IF(ISNUMBER(P11),P11,VALUE(P11)),0)/2)*$F11*$F$5*20)) | R11: =IF(P11="","◄",IF(P11="NE","~","")) | T11: =IF(S11="","",IF(S11="NE","",(IFERROR(IF(ISNUMBER(S11),S11,VALUE(S11)),0)/2)*$F11*$F$5*20)) | U11: =IF(S11="","◄",IF(S11="NE","~","")) | W11: =IF(V11="","",IF(V11="NE","",(IFERROR(IF(ISNUMBER(V11),V11,VALUE(V11)),0)/2)*$F11*$F$5*20)) | X11: =IF(V11="","◄",IF(V11="NE","~","")) | Z11: =IF(Y11="","",IF(Y11="NE","",(IFERROR(IF(ISNUMBER(Y11),Y11,VALUE(Y11)),0)/2)*$F11*$F$5*20)) | AA11: =IF(Y11="","◄",IF(Y11="NE","~","")) | AC11: =IF(AB11="","",IF(AB11="NE","",(IFERROR(IF(ISNUMBER(AB11),AB11,VALUE(AB11)),0)/2)*$F11*$F$5*20)) | AD11: =IF(AB11="","◄",IF(AB11="NE","~","")) | AF11: =IF(AE11="","",IF(AE11="NE","",(IFERROR(IF(ISNUMBER(AE11),AE11,VALUE(AE11)),0)/2)*$F11*$F$5*20)) | AG11: =IF(AE11="","◄",IF(AE11="NE","~","")) | AI11: =IF(AH11="","",IF(AH11="NE","",(IFERROR(IF(ISNUMBER(AH11),AH11,VALUE(AH11)),0)/2)*$F11*$F$5*20)) | AJ11: =IF(AH11="","◄",IF(AH11="NE","~","")) | AL11: =IF(AK11="","",IF(AK11="NE","",(IFERROR(IF(ISNUMBER(AK11),AK11,VALUE(AK11)),0)/2)*$F11*$F$5*20)) | AM11: =IF(AK11="","◄",IF(AK11="NE","~","")) | AO11: =IF(AN11="","",IF(AN11="NE","",(IFERROR(IF(ISNUMBER(AN11),AN11,VALUE(AN11)),0)/2)*$F11*$F$5*20)) | AP11: =IF(AN11="","◄",IF(AN11="NE","~","")) | AR11: =IF(AQ11="","",IF(AQ11="NE","",(IFERROR(IF(ISNUMBER(AQ11),AQ11,VALUE(AQ11)),0)/2)*$F11*$F$5*20)) | AS11: =IF(AQ11="","◄",IF(AQ11="NE","~","")) | AU11: =IF(AT11="","",IF(AT11="NE","",(IFERROR(IF(ISNUMBER(AT11),AT11,VALUE(AT11)),0)/2)*$F11*$F$5*20)) | AV11: =IF(AT11="","◄",IF(AT11="NE","~","")) | AX11: =IF(AW11="","",IF(AW11="NE","",(IFERROR(IF(ISNUMBER(AW11),AW11,VALUE(AW11)),0)/2)*$F11*$F$5*20)) | AY11: =IF(AW11="","◄",IF(AW11="NE","~","")) | BA11: =IF(AZ11="","",IF(AZ11="NE","",(IFERROR(IF(ISNUMBER(AZ11),AZ11,VALUE(AZ11)),0)/2)*$F11*$F$5*20)) | BB11: =IF(AZ11="","◄",IF(AZ11="NE","~","")) | BD11: =IF(BC11="","",IF(BC11="NE","",(IFERROR(IF(ISNUMBER(BC11),BC11,VALUE(BC11)),0)/2)*$F11*$F$5*20)) | BE11: =IF(BC11="","◄",IF(BC11="NE","~","")) | BG11: =IF(BF11="","",IF(BF11="NE","",(IFERROR(IF(ISNUMBER(BF11),BF11,VALUE(BF11)),0)/2)*$F11*$F$5*20)) | BH11: =IF(BF11="","◄",IF(BF11="NE","~","")) | BJ11: =IF(BI11="","",IF(BI11="NE","",(IFERROR(IF(ISNUMBER(BI11),BI11,VALUE(BI11)),0)/2)*$F11*$F$5*20)) | BK11: =IF(BI11="","◄",IF(BI11="NE","~","")) | BM11: =IF(BL11="","",IF(BL11="NE","",(IFERROR(IF(ISNUMBER(BL11),BL11,VALUE(BL11)),0)/2)*$F11*$F$5*20)) | BN11: =IF(BL11="","◄",IF(BL11="NE","~","")) | BP11: =IF(BO11="","",IF(BO11="NE","",(IFERROR(IF(ISNUMBER(BO11),BO11,VALUE(BO11)),0)/2)*$F11*$F$5*20)) | BQ11: =IF(BO11="","◄",IF(BO11="NE","~","")) | BS11: =IF(BR11="","",IF(BR11="NE","",(IFERROR(IF(ISNUMBER(BR11),BR11,VALUE(BR11)),0)/2)*$F11*$F$5*20)) | BT11: =IF(BR11="","◄",IF(BR11="NE","~","")) | BV11: =IF(BU11="","",IF(BU11="NE","",(IFERROR(IF(ISNUMBER(BU11),BU11,VALUE(BU11)),0)/2)*$F11*$F$5*20)) | BW11: =IF(BU11="","◄",IF(BU11="NE","~","")) | BY11: =IF(BX11="","",IF(BX11="NE","",(IFERROR(IF(ISNUMBER(BX11),BX11,VALUE(BX11)),0)/2)*$F11*$F$5*20)) | BZ11: =IF(BX11="","◄",IF(BX11="NE","~","")) | CB11: =IF(CA11="","",IF(CA11="NE","",(IFERROR(IF(ISNUMBER(CA11),CA11,VALUE(CA11)),0)/2)*$F11*$F$5*20)) | CC11: =IF(CA11="","◄",IF(CA11="NE","~","")) | CE11: =IF(CD11="","",IF(CD11="NE","",(IFERROR(IF(ISNUMBER(CD11),CD11,VALUE(CD11)),0)/2)*$F11*$F$5*20)) | CF11: =IF(CD11="","◄",IF(CD11="NE","~","")) | CH11: =IF(CG11="","",IF(CG11="NE","",(IFERROR(IF(ISNUMBER(CG11),CG11,VALUE(CG11)),0)/2)*$F11*$F$5*20)) | CI11: =IF(CG11="","◄",IF(CG11="NE","~","")) | CK11: =IF(CJ11="","",IF(CJ11="NE","",(IFERROR(IF(ISNUMBER(CJ11),CJ11,VALUE(CJ11)),0)/2)*$F11*$F$5*20)) | CL11: =IF(CJ11="","◄",IF(CJ11="NE","~","")) | CN11: =IF(CM11="","",IF(CM11="NE","",(IFERROR(IF(ISNUMBER(CM11),CM11,VALUE(CM11)),0)/2)*$F11*$F$5*20)) | CO11: =IF(CM11="","◄",IF(CM11="NE","~","")) | CQ11: =IF(CP11="","",IF(CP11="NE","",(IFERROR(IF(ISNUMBER(CP11),CP11,VALUE(CP11)),0)/2)*$F11*$F$5*20)) | CR11: =IF(CP11="","◄",IF(CP11="NE","~",""))
A12: 7 | B12: P1 | C12: Q1.4 | D12: Critère | E12: Boue Activée justifiée : lit roseaux trop grand, biofiltre trop énergivore et trop cher. | F12: 0.1 | H12: =IF(G12="","",IF(G12="NE","",(IFERROR(IF(ISNUMBER(G12),G12,VALUE(G12)),0)/2)*$F12*$F$5*20)) | I12: =IF(G12="","◄",IF(G12="NE","~","")) | K12: =IF(J12="","",IF(J12="NE","",(IFERROR(IF(ISNUMBER(J12),J12,VALUE(J12)),0)/2)*$F12*$F$5*20)) | L12: =IF(J12="","◄",IF(J12="NE","~","")) | N12: =IF(M12="","",IF(M12="NE","",(IFERROR(IF(ISNUMBER(M12),M12,VALUE(M12)),0)/2)*$F12*$F$5*20)) | O12: =IF(M12="","◄",IF(M12="NE","~","")) | Q12: =IF(P12="","",IF(P12="NE","",(IFERROR(IF(ISNUMBER(P12),P12,VALUE(P12)),0)/2)*$F12*$F$5*20)) | R12: =IF(P12="","◄",IF(P12="NE","~","")) | T12: =IF(S12="","",IF(S12="NE","",(IFERROR(IF(ISNUMBER(S12),S12,VALUE(S12)),0)/2)*$F12*$F$5*20)) | U12: =IF(S12="","◄",IF(S12="NE","~","")) | W12: =IF(V12="","",IF(V12="NE","",(IFERROR(IF(ISNUMBER(V12),V12,VALUE(V12)),0)/2)*$F12*$F$5*20)) | X12: =IF(V12="","◄",IF(V12="NE","~","")) | Z12: =IF(Y12="","",IF(Y12="NE","",(IFERROR(IF(ISNUMBER(Y12),Y12,VALUE(Y12)),0)/2)*$F12*$F$5*20)) | AA12: =IF(Y12="","◄",IF(Y12="NE","~","")) | AC12: =IF(AB12="","",IF(AB12="NE","",(IFERROR(IF(ISNUMBER(AB12),AB12,VALUE(AB12)),0)/2)*$F12*$F$5*20)) | AD12: =IF(AB12="","◄",IF(AB12="NE","~","")) | AF12: =IF(AE12="","",IF(AE12="NE","",(IFERROR(IF(ISNUMBER(AE12),AE12,VALUE(AE12)),0)/2)*$F12*$F$5*20)) | AG12: =IF(AE12="","◄",IF(AE12="NE","~","")) | AI12: =IF(AH12="","",IF(AH12="NE","",(IFERROR(IF(ISNUMBER(AH12),AH12,VALUE(AH12)),0)/2)*$F12*$F$5*20)) | AJ12: =IF(AH12="","◄",IF(AH12="NE","~","")) | AL12: =IF(AK12="","",IF(AK12="NE","",(IFERROR(IF(ISNUMBER(AK12),AK12,VALUE(AK12)),0)/2)*$F12*$F$5*20)) | AM12: =IF(AK12="","◄",IF(AK12="NE","~","")) | AO12: =IF(AN12="","",IF(AN12="NE","",(IFERROR(IF(ISNUMBER(AN12),AN12,VALUE(AN12)),0)/2)*$F12*$F$5*20)) | AP12: =IF(AN12="","◄",IF(AN12="NE","~","")) | AR12: =IF(AQ12="","",IF(AQ12="NE","",(IFERROR(IF(ISNUMBER(AQ12),AQ12,VALUE(AQ12)),0)/2)*$F12*$F$5*20)) | AS12: =IF(AQ12="","◄",IF(AQ12="NE","~","")) | AU12: =IF(AT12="","",IF(AT12="NE","",(IFERROR(IF(ISNUMBER(AT12),AT12,VALUE(AT12)),0)/2)*$F12*$F$5*20)) | AV12: =IF(AT12="","◄",IF(AT12="NE","~","")) | AX12: =IF(AW12="","",IF(AW12="NE","",(IFERROR(IF(ISNUMBER(AW12),AW12,VALUE(AW12)),0)/2)*$F12*$F$5*20)) | AY12: =IF(AW12="","◄",IF(AW12="NE","~","")) | BA12: =IF(AZ12="","",IF(AZ12="NE","",(IFERROR(IF(ISNUMBER(AZ12),AZ12,VALUE(AZ12)),0)/2)*$F12*$F$5*20)) | BB12: =IF(AZ12="","◄",IF(AZ12="NE","~","")) | BD12: =IF(BC12="","",IF(BC12="NE","",(IFERROR(IF(ISNUMBER(BC12),BC12,VALUE(BC12)),0)/2)*$F12*$F$5*20)) | BE12: =IF(BC12="","◄",IF(BC12="NE","~","")) | BG12: =IF(BF12="","",IF(BF12="NE","",(IFERROR(IF(ISNUMBER(BF12),BF12,VALUE(BF12)),0)/2)*$F12*$F$5*20)) | BH12: =IF(BF12="","◄",IF(BF12="NE","~","")) | BJ12: =IF(BI12="","",IF(BI12="NE","",(IFERROR(IF(ISNUMBER(BI12),BI12,VALUE(BI12)),0)/2)*$F12*$F$5*20)) | BK12: =IF(BI12="","◄",IF(BI12="NE","~","")) | BM12: =IF(BL12="","",IF(BL12="NE","",(IFERROR(IF(ISNUMBER(BL12),BL12,VALUE(BL12)),0)/2)*$F12*$F$5*20)) | BN12: =IF(BL12="","◄",IF(BL12="NE","~","")) | BP12: =IF(BO12="","",IF(BO12="NE","",(IFERROR(IF(ISNUMBER(BO12),BO12,VALUE(BO12)),0)/2)*$F12*$F$5*20)) | BQ12: =IF(BO12="","◄",IF(BO12="NE","~","")) | BS12: =IF(BR12="","",IF(BR12="NE","",(IFERROR(IF(ISNUMBER(BR12),BR12,VALUE(BR12)),0)/2)*$F12*$F$5*20)) | BT12: =IF(BR12="","◄",IF(BR12="NE","~","")) | BV12: =IF(BU12="","",IF(BU12="NE","",(IFERROR(IF(ISNUMBER(BU12),BU12,VALUE(BU12)),0)/2)*$F12*$F$5*20)) | BW12: =IF(BU12="","◄",IF(BU12="NE","~","")) | BY12: =IF(BX12="","",IF(BX12="NE","",(IFERROR(IF(ISNUMBER(BX12),BX12,VALUE(BX12)),0)/2)*$F12*$F$5*20)) | BZ12: =IF(BX12="","◄",IF(BX12="NE","~","")) | CB12: =IF(CA12="","",IF(CA12="NE","",(IFERROR(IF(ISNUMBER(CA12),CA12,VALUE(CA12)),0)/2)*$F12*$F$5*20)) | CC12: =IF(CA12="","◄",IF(CA12="NE","~","")) | CE12: =IF(CD12="","",IF(CD12="NE","",(IFERROR(IF(ISNUMBER(CD12),CD12,VALUE(CD12)),0)/2)*$F12*$F$5*20)) | CF12: =IF(CD12="","◄",IF(CD12="NE","~","")) | CH12: =IF(CG12="","",IF(CG12="NE","",(IFERROR(IF(ISNUMBER(CG12),CG12,VALUE(CG12)),0)/2)*$F12*$F$5*20)) | CI12: =IF(CG12="","◄",IF(CG12="NE","~","")) | CK12: =IF(CJ12="","",IF(CJ12="NE","",(IFERROR(IF(ISNUMBER(CJ12),CJ12,VALUE(CJ12)),0)/2)*$F12*$F$5*20)) | CL12: =IF(CJ12="","◄",IF(CJ12="NE","~","")) | CN12: =IF(CM12="","",IF(CM12="NE","",(IFERROR(IF(ISNUMBER(CM12),CM12,VALUE(CM12)),0)/2)*$F12*$F$5*20)) | CO12: =IF(CM12="","◄",IF(CM12="NE","~","")) | CQ12: =IF(CP12="","",IF(CP12="NE","",(IFERROR(IF(ISNUMBER(CP12),CP12,VALUE(CP12)),0)/2)*$F12*$F$5*20)) | CR12: =IF(CP12="","◄",IF(CP12="NE","~",""))
B13: P2 | D13: Partie | E13: Comment la digestion des boues améliore-t-elle les performances d'une STEU dans une démarche DD ? | F13: 0.25 | H13: =IFERROR(SUM(H14:H21)/(SUMPRODUCT(($F$14:$F$21)*(G14:G21<>"")*(G14:G21<>"NE"))*$F$13),"") | K13: =IFERROR(SUM(K14:K21)/(SUMPRODUCT(($F$14:$F$21)*(J14:J21<>"")*(J14:J21<>"NE"))*$F$13),"") | N13: =IFERROR(SUM(N14:N21)/(SUMPRODUCT(($F$14:$F$21)*(M14:M21<>"")*(M14:M21<>"NE"))*$F$13),"") | Q13: =IFERROR(SUM(Q14:Q21)/(SUMPRODUCT(($F$14:$F$21)*(P14:P21<>"")*(P14:P21<>"NE"))*$F$13),"") | T13: =IFERROR(SUM(T14:T21)/(SUMPRODUCT(($F$14:$F$21)*(S14:S21<>"")*(S14:S21<>"NE"))*$F$13),"") | W13: =IFERROR(SUM(W14:W21)/(SUMPRODUCT(($F$14:$F$21)*(V14:V21<>"")*(V14:V21<>"NE"))*$F$13),"") | Z13: =IFERROR(SUM(Z14:Z21)/(SUMPRODUCT(($F$14:$F$21)*(Y14:Y21<>"")*(Y14:Y21<>"NE"))*$F$13),"") | AC13: =IFERROR(SUM(AC14:AC21)/(SUMPRODUCT(($F$14:$F$21)*(AB14:AB21<>"")*(AB14:AB21<>"NE"))*$F$13),"") | AF13: =IFERROR(SUM(AF14:AF21)/(SUMPRODUCT(($F$14:$F$21)*(AE14:AE21<>"")*(AE14:AE21<>"NE"))*$F$13),"") | AI13: =IFERROR(SUM(AI14:AI21)/(SUMPRODUCT(($F$14:$F$21)*(AH14:AH21<>"")*(AH14:AH21<>"NE"))*$F$13),"") | AL13: =IFERROR(SUM(AL14:AL21)/(SUMPRODUCT(($F$14:$F$21)*(AK14:AK21<>"")*(AK14:AK21<>"NE"))*$F$13),"") | AO13: =IFERROR(SUM(AO14:AO21)/(SUMPRODUCT(($F$14:$F$21)*(AN14:AN21<>"")*(AN14:AN21<>"NE"))*$F$13),"") | AR13: =IFERROR(SUM(AR14:AR21)/(SUMPRODUCT(($F$14:$F$21)*(AQ14:AQ21<>"")*(AQ14:AQ21<>"NE"))*$F$13),"") | AU13: =IFERROR(SUM(AU14:AU21)/(SUMPRODUCT(($F$14:$F$21)*(AT14:AT21<>"")*(AT14:AT21<>"NE"))*$F$13),"") | AX13: =IFERROR(SUM(AX14:AX21)/(SUMPRODUCT(($F$14:$F$21)*(AW14:AW21<>"")*(AW14:AW21<>"NE"))*$F$13),"") | BA13: =IFERROR(SUM(BA14:BA21)/(SUMPRODUCT(($F$14:$F$21)*(AZ14:AZ21<>"")*(AZ14:AZ21<>"NE"))*$F$13),"") | BD13: =IFERROR(SUM(BD14:BD21)/(SUMPRODUCT(($F$14:$F$21)*(BC14:BC21<>"")*(BC14:BC21<>"NE"))*$F$13),"") | BG13: =IFERROR(SUM(BG14:BG21)/(SUMPRODUCT(($F$14:$F$21)*(BF14:BF21<>"")*(BF14:BF21<>"NE"))*$F$13),"") | BJ13: =IFERROR(SUM(BJ14:BJ21)/(SUMPRODUCT(($F$14:$F$21)*(BI14:BI21<>"")*(BI14:BI21<>"NE"))*$F$13),"") | BM13: =IFERROR(SUM(BM14:BM21)/(SUMPRODUCT(($F$14:$F$21)*(BL14:BL21<>"")*(BL14:BL21<>"NE"))*$F$13),"") | BP13: =IFERROR(SUM(BP14:BP21)/(SUMPRODUCT(($F$14:$F$21)*(BO14:BO21<>"")*(BO14:BO21<>"NE"))*$F$13),"") | BS13: =IFERROR(SUM(BS14:BS21)/(SUMPRODUCT(($F$14:$F$21)*(BR14:BR21<>"")*(BR14:BR21<>"NE"))*$F$13),"") | BV13: =IFERROR(SUM(BV14:BV21)/(SUMPRODUCT(($F$14:$F$21)*(BU14:BU21<>"")*(BU14:BU21<>"NE"))*$F$13),"") | BY13: =IFERROR(SUM(BY14:BY21)/(SUMPRODUCT(($F$14:$F$21)*(BX14:BX21<>"")*(BX14:BX21<>"NE"))*$F$13),"") | CB13: =IFERROR(SUM(CB14:CB21)/(SUMPRODUCT(($F$14:$F$21)*(CA14:CA21<>"")*(CA14:CA21<>"NE"))*$F$13),"") | CE13: =IFERROR(SUM(CE14:CE21)/(SUMPRODUCT(($F$14:$F$21)*(CD14:CD21<>"")*(CD14:CD21<>"NE"))*$F$13),"") | CH13: =IFERROR(SUM(CH14:CH21)/(SUMPRODUCT(($F$14:$F$21)*(CG14:CG21<>"")*(CG14:CG21<>"NE"))*$F$13),"") | CK13: =IFERROR(SUM(CK14:CK21)/(SUMPRODUCT(($F$14:$F$21)*(CJ14:CJ21<>"")*(CJ14:CJ21<>"NE"))*$F$13),"") | CN13: =IFERROR(SUM(CN14:CN21)/(SUMPRODUCT(($F$14:$F$21)*(CM14:CM21<>"")*(CM14:CM21<>"NE"))*$F$13),"") | CQ13: =IFERROR(SUM(CQ14:CQ21)/(SUMPRODUCT(($F$14:$F$21)*(CP14:CP21<>"")*(CP14:CP21<>"NE"))*$F$13),"")
A14: 8 | B14: P2 | C14: Q2.1 | D14: Critère | E14: Type 1 : flux entrant = énergie électrique. | F14: 0.1 | H14: =IF(G14="","",IF(G14="NE","",(IFERROR(IF(ISNUMBER(G14),G14,VALUE(G14)),0)/2)*$F14*$F$13*20)) | I14: =IF(G14="","◄",IF(G14="NE","~","")) | K14: =IF(J14="","",IF(J14="NE","",(IFERROR(IF(ISNUMBER(J14),J14,VALUE(J14)),0)/2)*$F14*$F$13*20)) | L14: =IF(J14="","◄",IF(J14="NE","~","")) | N14: =IF(M14="","",IF(M14="NE","",(IFERROR(IF(ISNUMBER(M14),M14,VALUE(M14)),0)/2)*$F14*$F$13*20)) | O14: =IF(M14="","◄",IF(M14="NE","~","")) | Q14: =IF(P14="","",IF(P14="NE","",(IFERROR(IF(ISNUMBER(P14),P14,VALUE(P14)),0)/2)*$F14*$F$13*20)) | R14: =IF(P14="","◄",IF(P14="NE","~","")) | T14: =IF(S14="","",IF(S14="NE","",(IFERROR(IF(ISNUMBER(S14),S14,VALUE(S14)),0)/2)*$F14*$F$13*20)) | U14: =IF(S14="","◄",IF(S14="NE","~","")) | W14: =IF(V14="","",IF(V14="NE","",(IFERROR(IF(ISNUMBER(V14),V14,VALUE(V14)),0)/2)*$F14*$F$13*20)) | X14: =IF(V14="","◄",IF(V14="NE","~","")) | Z14: =IF(Y14="","",IF(Y14="NE","",(IFERROR(IF(ISNUMBER(Y14),Y14,VALUE(Y14)),0)/2)*$F14*$F$13*20)) | AA14: =IF(Y14="","◄",IF(Y14="NE","~","")) | AC14: =IF(AB14="","",IF(AB14="NE","",(IFERROR(IF(ISNUMBER(AB14),AB14,VALUE(AB14)),0)/2)*$F14*$F$13*20)) | AD14: =IF(AB14="","◄",IF(AB14="NE","~","")) | AF14: =IF(AE14="","",IF(AE14="NE","",(IFERROR(IF(ISNUMBER(AE14),AE14,VALUE(AE14)),0)/2)*$F14*$F$13*20)) | AG14: =IF(AE14="","◄",IF(AE14="NE","~","")) | AI14: =IF(AH14="","",IF(AH14="NE","",(IFERROR(IF(ISNUMBER(AH14),AH14,VALUE(AH14)),0)/2)*$F14*$F$13*20)) | AJ14: =IF(AH14="","◄",IF(AH14="NE","~","")) | AL14: =IF(AK14="","",IF(AK14="NE","",(IFERROR(IF(ISNUMBER(AK14),AK14,VALUE(AK14)),0)/2)*$F14*$F$13*20)) | AM14: =IF(AK14="","◄",IF(AK14="NE","~","")) | AO14: =IF(AN14="","",IF(AN14="NE","",(IFERROR(IF(ISNUMBER(AN14),AN14,VALUE(AN14)),0)/2)*$F14*$F$13*20)) | AP14: =IF(AN14="","◄",IF(AN14="NE","~","")) | AR14: =IF(AQ14="","",IF(AQ14="NE","",(IFERROR(IF(ISNUMBER(AQ14),AQ14,VALUE(AQ14)),0)/2)*$F14*$F$13*20)) | AS14: =IF(AQ14="","◄",IF(AQ14="NE","~","")) | AU14: =IF(AT14="","",IF(AT14="NE","",(IFERROR(IF(ISNUMBER(AT14),AT14,VALUE(AT14)),0)/2)*$F14*$F$13*20)) | AV14: =IF(AT14="","◄",IF(AT14="NE","~","")) | AX14: =IF(AW14="","",IF(AW14="NE","",(IFERROR(IF(ISNUMBER(AW14),AW14,VALUE(AW14)),0)/2)*$F14*$F$13*20)) | AY14: =IF(AW14="","◄",IF(AW14="NE","~","")) | BA14: =IF(AZ14="","",IF(AZ14="NE","",(IFERROR(IF(ISNUMBER(AZ14),AZ14,VALUE(AZ14)),0)/2)*$F14*$F$13*20)) | BB14: =IF(AZ14="","◄",IF(AZ14="NE","~","")) | BD14: =IF(BC14="","",IF(BC14="NE","",(IFERROR(IF(ISNUMBER(BC14),BC14,VALUE(BC14)),0)/2)*$F14*$F$13*20)) | BE14: =IF(BC14="","◄",IF(BC14="NE","~","")) | BG14: =IF(BF14="","",IF(BF14="NE","",(IFERROR(IF(ISNUMBER(BF14),BF14,VALUE(BF14)),0)/2)*$F14*$F$13*20)) | BH14: =IF(BF14="","◄",IF(BF14="NE","~","")) | BJ14: =IF(BI14="","",IF(BI14="NE","",(IFERROR(IF(ISNUMBER(BI14),BI14,VALUE(BI14)),0)/2)*$F14*$F$13*20)) | BK14: =IF(BI14="","◄",IF(BI14="NE","~","")) | BM14: =IF(BL14="","",IF(BL14="NE","",(IFERROR(IF(ISNUMBER(BL14),BL14,VALUE(BL14)),0)/2)*$F14*$F$13*20)) | BN14: =IF(BL14="","◄",IF(BL14="NE","~","")) | BP14: =IF(BO14="","",IF(BO14="NE","",(IFERROR(IF(ISNUMBER(BO14),BO14,VALUE(BO14)),0)/2)*$F14*$F$13*20)) | BQ14: =IF(BO14="","◄",IF(BO14="NE","~","")) | BS14: =IF(BR14="","",IF(BR14="NE","",(IFERROR(IF(ISNUMBER(BR14),BR14,VALUE(BR14)),0)/2)*$F14*$F$13*20)) | BT14: =IF(BR14="","◄",IF(BR14="NE","~","")) | BV14: =IF(BU14="","",IF(BU14="NE","",(IFERROR(IF(ISNUMBER(BU14),BU14,VALUE(BU14)),0)/2)*$F14*$F$13*20)) | BW14: =IF(BU14="","◄",IF(BU14="NE","~","")) | BY14: =IF(BX14="","",IF(BX14="NE","",(IFERROR(IF(ISNUMBER(BX14),BX14,VALUE(BX14)),0)/2)*$F14*$F$13*20)) | BZ14: =IF(BX14="","◄",IF(BX14="NE","~","")) | CB14: =IF(CA14="","",IF(CA14="NE","",(IFERROR(IF(ISNUMBER(CA14),CA14,VALUE(CA14)),0)/2)*$F14*$F$13*20)) | CC14: =IF(CA14="","◄",IF(CA14="NE","~","")) | CE14: =IF(CD14="","",IF(CD14="NE","",(IFERROR(IF(ISNUMBER(CD14),CD14,VALUE(CD14)),0)/2)*$F14*$F$13*20)) | CF14: =IF(CD14="","◄",IF(CD14="NE","~","")) | CH14: =IF(CG14="","",IF(CG14="NE","",(IFERROR(IF(ISNUMBER(CG14),CG14,VALUE(CG14)),0)/2)*$F14*$F$13*20)) | CI14: =IF(CG14="","◄",IF(CG14="NE","~","")) | CK14: =IF(CJ14="","",IF(CJ14="NE","",(IFERROR(IF(ISNUMBER(CJ14),CJ14,VALUE(CJ14)),0)/2)*$F14*$F$13*20)) | CL14: =IF(CJ14="","◄",IF(CJ14="NE","~","")) | CN14: =IF(CM14="","",IF(CM14="NE","",(IFERROR(IF(ISNUMBER(CM14),CM14,VALUE(CM14)),0)/2)*$F14*$F$13*20)) | CO14: =IF(CM14="","◄",IF(CM14="NE","~","")) | CQ14: =IF(CP14="","",IF(CP14="NE","",(IFERROR(IF(ISNUMBER(CP14),CP14,VALUE(CP14)),0)/2)*$F14*$F$13*20)) | CR14: =IF(CP14="","◄",IF(CP14="NE","~",""))
A15: 9 | B15: P2 | C15: Q2.1 | D15: Critère | E15: Type 2 : entrants = énergie élec + gaz GRDF ; sortants = méthane (GRDF) + thermique perdue (torchère). | F15: 0.1 | H15: =IF(G15="","",IF(G15="NE","",(IFERROR(IF(ISNUMBER(G15),G15,VALUE(G15)),0)/2)*$F15*$F$13*20)) | I15: =IF(G15="","◄",IF(G15="NE","~","")) | K15: =IF(J15="","",IF(J15="NE","",(IFERROR(IF(ISNUMBER(J15),J15,VALUE(J15)),0)/2)*$F15*$F$13*20)) | L15: =IF(J15="","◄",IF(J15="NE","~","")) | N15: =IF(M15="","",IF(M15="NE","",(IFERROR(IF(ISNUMBER(M15),M15,VALUE(M15)),0)/2)*$F15*$F$13*20)) | O15: =IF(M15="","◄",IF(M15="NE","~","")) | Q15: =IF(P15="","",IF(P15="NE","",(IFERROR(IF(ISNUMBER(P15),P15,VALUE(P15)),0)/2)*$F15*$F$13*20)) | R15: =IF(P15="","◄",IF(P15="NE","~","")) | T15: =IF(S15="","",IF(S15="NE","",(IFERROR(IF(ISNUMBER(S15),S15,VALUE(S15)),0)/2)*$F15*$F$13*20)) | U15: =IF(S15="","◄",IF(S15="NE","~","")) | W15: =IF(V15="","",IF(V15="NE","",(IFERROR(IF(ISNUMBER(V15),V15,VALUE(V15)),0)/2)*$F15*$F$13*20)) | X15: =IF(V15="","◄",IF(V15="NE","~","")) | Z15: =IF(Y15="","",IF(Y15="NE","",(IFERROR(IF(ISNUMBER(Y15),Y15,VALUE(Y15)),0)/2)*$F15*$F$13*20)) | AA15: =IF(Y15="","◄",IF(Y15="NE","~","")) | AC15: =IF(AB15="","",IF(AB15="NE","",(IFERROR(IF(ISNUMBER(AB15),AB15,VALUE(AB15)),0)/2)*$F15*$F$13*20)) | AD15: =IF(AB15="","◄",IF(AB15="NE","~","")) | AF15: =IF(AE15="","",IF(AE15="NE","",(IFERROR(IF(ISNUMBER(AE15),AE15,VALUE(AE15)),0)/2)*$F15*$F$13*20)) | AG15: =IF(AE15="","◄",IF(AE15="NE","~","")) | AI15: =IF(AH15="","",IF(AH15="NE","",(IFERROR(IF(ISNUMBER(AH15),AH15,VALUE(AH15)),0)/2)*$F15*$F$13*20)) | AJ15: =IF(AH15="","◄",IF(AH15="NE","~","")) | AL15: =IF(AK15="","",IF(AK15="NE","",(IFERROR(IF(ISNUMBER(AK15),AK15,VALUE(AK15)),0)/2)*$F15*$F$13*20)) | AM15: =IF(AK15="","◄",IF(AK15="NE","~","")) | AO15: =IF(AN15="","",IF(AN15="NE","",(IFERROR(IF(ISNUMBER(AN15),AN15,VALUE(AN15)),0)/2)*$F15*$F$13*20)) | AP15: =IF(AN15="","◄",IF(AN15="NE","~","")) | AR15: =IF(AQ15="","",IF(AQ15="NE","",(IFERROR(IF(ISNUMBER(AQ15),AQ15,VALUE(AQ15)),0)/2)*$F15*$F$13*20)) | AS15: =IF(AQ15="","◄",IF(AQ15="NE","~","")) | AU15: =IF(AT15="","",IF(AT15="NE","",(IFERROR(IF(ISNUMBER(AT15),AT15,VALUE(AT15)),0)/2)*$F15*$F$13*20)) | AV15: =IF(AT15="","◄",IF(AT15="NE","~","")) | AX15: =IF(AW15="","",IF(AW15="NE","",(IFERROR(IF(ISNUMBER(AW15),AW15,VALUE(AW15)),0)/2)*$F15*$F$13*20)) | AY15: =IF(AW15="","◄",IF(AW15="NE","~","")) | BA15: =IF(AZ15="","",IF(AZ15="NE","",(IFERROR(IF(ISNUMBER(AZ15),AZ15,VALUE(AZ15)),0)/2)*$F15*$F$13*20)) | BB15: =IF(AZ15="","◄",IF(AZ15="NE","~","")) | BD15: =IF(BC15="","",IF(BC15="NE","",(IFERROR(IF(ISNUMBER(BC15),BC15,VALUE(BC15)),0)/2)*$F15*$F$13*20)) | BE15: =IF(BC15="","◄",IF(BC15="NE","~","")) | BG15: =IF(BF15="","",IF(BF15="NE","",(IFERROR(IF(ISNUMBER(BF15),BF15,VALUE(BF15)),0)/2)*$F15*$F$13*20)) | BH15: =IF(BF15="","◄",IF(BF15="NE","~","")) | BJ15: =IF(BI15="","",IF(BI15="NE","",(IFERROR(IF(ISNUMBER(BI15),BI15,VALUE(BI15)),0)/2)*$F15*$F$13*20)) | BK15: =IF(BI15="","◄",IF(BI15="NE","~","")) | BM15: =IF(BL15="","",IF(BL15="NE","",(IFERROR(IF(ISNUMBER(BL15),BL15,VALUE(BL15)),0)/2)*$F15*$F$13*20)) | BN15: =IF(BL15="","◄",IF(BL15="NE","~","")) | BP15: =IF(BO15="","",IF(BO15="NE","",(IFERROR(IF(ISNUMBER(BO15),BO15,VALUE(BO15)),0)/2)*$F15*$F$13*20)) | BQ15: =IF(BO15="","◄",IF(BO15="NE","~","")) | BS15: =IF(BR15="","",IF(BR15="NE","",(IFERROR(IF(ISNUMBER(BR15),BR15,VALUE(BR15)),0)/2)*$F15*$F$13*20)) | BT15: =IF(BR15="","◄",IF(BR15="NE","~","")) | BV15: =IF(BU15="","",IF(BU15="NE","",(IFERROR(IF(ISNUMBER(BU15),BU15,VALUE(BU15)),0)/2)*$F15*$F$13*20)) | BW15: =IF(BU15="","◄",IF(BU15="NE","~","")) | BY15: =IF(BX15="","",IF(BX15="NE","",(IFERROR(IF(ISNUMBER(BX15),BX15,VALUE(BX15)),0)/2)*$F15*$F$13*20)) | BZ15: =IF(BX15="","◄",IF(BX15="NE","~","")) | CB15: =IF(CA15="","",IF(CA15="NE","",(IFERROR(IF(ISNUMBER(CA15),CA15,VALUE(CA15)),0)/2)*$F15*$F$13*20)) | CC15: =IF(CA15="","◄",IF(CA15="NE","~","")) | CE15: =IF(CD15="","",IF(CD15="NE","",(IFERROR(IF(ISNUMBER(CD15),CD15,VALUE(CD15)),0)/2)*$F15*$F$13*20)) | CF15: =IF(CD15="","◄",IF(CD15="NE","~","")) | CH15: =IF(CG15="","",IF(CG15="NE","",(IFERROR(IF(ISNUMBER(CG15),CG15,VALUE(CG15)),0)/2)*$F15*$F$13*20)) | CI15: =IF(CG15="","◄",IF(CG15="NE","~","")) | CK15: =IF(CJ15="","",IF(CJ15="NE","",(IFERROR(IF(ISNUMBER(CJ15),CJ15,VALUE(CJ15)),0)/2)*$F15*$F$13*20)) | CL15: =IF(CJ15="","◄",IF(CJ15="NE","~","")) | CN15: =IF(CM15="","",IF(CM15="NE","",(IFERROR(IF(ISNUMBER(CM15),CM15,VALUE(CM15)),0)/2)*$F15*$F$13*20)) | CO15: =IF(CM15="","◄",IF(CM15="NE","~","")) | CQ15: =IF(CP15="","",IF(CP15="NE","",(IFERROR(IF(ISNUMBER(CP15),CP15,VALUE(CP15)),0)/2)*$F15*$F$13*20)) | CR15: =IF(CP15="","◄",IF(CP15="NE","~",""))
A16: 10 | B16: P2 | C16: Q2.2 | D16: Critère | E16: Calcul : 6 160 000 × 0,1 = 616 000 kgeq.CO₂/an. | F16: 0.1 | H16: =IF(G16="","",IF(G16="NE","",(IFERROR(IF(ISNUMBER(G16),G16,VALUE(G16)),0)/2)*$F16*$F$13*20)) | I16: =IF(G16="","◄",IF(G16="NE","~","")) | K16: =IF(J16="","",IF(J16="NE","",(IFERROR(IF(ISNUMBER(J16),J16,VALUE(J16)),0)/2)*$F16*$F$13*20)) | L16: =IF(J16="","◄",IF(J16="NE","~","")) | N16: =IF(M16="","",IF(M16="NE","",(IFERROR(IF(ISNUMBER(M16),M16,VALUE(M16)),0)/2)*$F16*$F$13*20)) | O16: =IF(M16="","◄",IF(M16="NE","~","")) | Q16: =IF(P16="","",IF(P16="NE","",(IFERROR(IF(ISNUMBER(P16),P16,VALUE(P16)),0)/2)*$F16*$F$13*20)) | R16: =IF(P16="","◄",IF(P16="NE","~","")) | T16: =IF(S16="","",IF(S16="NE","",(IFERROR(IF(ISNUMBER(S16),S16,VALUE(S16)),0)/2)*$F16*$F$13*20)) | U16: =IF(S16="","◄",IF(S16="NE","~","")) | W16: =IF(V16="","",IF(V16="NE","",(IFERROR(IF(ISNUMBER(V16),V16,VALUE(V16)),0)/2)*$F16*$F$13*20)) | X16: =IF(V16="","◄",IF(V16="NE","~","")) | Z16: =IF(Y16="","",IF(Y16="NE","",(IFERROR(IF(ISNUMBER(Y16),Y16,VALUE(Y16)),0)/2)*$F16*$F$13*20)) | AA16: =IF(Y16="","◄",IF(Y16="NE","~","")) | AC16: =IF(AB16="","",IF(AB16="NE","",(IFERROR(IF(ISNUMBER(AB16),AB16,VALUE(AB16)),0)/2)*$F16*$F$13*20)) | AD16: =IF(AB16="","◄",IF(AB16="NE","~","")) | AF16: =IF(AE16="","",IF(AE16="NE","",(IFERROR(IF(ISNUMBER(AE16),AE16,VALUE(AE16)),0)/2)*$F16*$F$13*20)) | AG16: =IF(AE16="","◄",IF(AE16="NE","~","")) | AI16: =IF(AH16="","",IF(AH16="NE","",(IFERROR(IF(ISNUMBER(AH16),AH16,VALUE(AH16)),0)/2)*$F16*$F$13*20)) | AJ16: =IF(AH16="","◄",IF(AH16="NE","~","")) | AL16: =IF(AK16="","",IF(AK16="NE","",(IFERROR(IF(ISNUMBER(AK16),AK16,VALUE(AK16)),0)/2)*$F16*$F$13*20)) | AM16: =IF(AK16="","◄",IF(AK16="NE","~","")) | AO16: =IF(AN16="","",IF(AN16="NE","",(IFERROR(IF(ISNUMBER(AN16),AN16,VALUE(AN16)),0)/2)*$F16*$F$13*20)) | AP16: =IF(AN16="","◄",IF(AN16="NE","~","")) | AR16: =IF(AQ16="","",IF(AQ16="NE","",(IFERROR(IF(ISNUMBER(AQ16),AQ16,VALUE(AQ16)),0)/2)*$F16*$F$13*20)) | AS16: =IF(AQ16="","◄",IF(AQ16="NE","~","")) | AU16: =IF(AT16="","",IF(AT16="NE","",(IFERROR(IF(ISNUMBER(AT16),AT16,VALUE(AT16)),0)/2)*$F16*$F$13*20)) | AV16: =IF(AT16="","◄",IF(AT16="NE","~","")) | AX16: =IF(AW16="","",IF(AW16="NE","",(IFERROR(IF(ISNUMBER(AW16),AW16,VALUE(AW16)),0)/2)*$F16*$F$13*20)) | AY16: =IF(AW16="","◄",IF(AW16="NE","~","")) | BA16: =IF(AZ16="","",IF(AZ16="NE","",(IFERROR(IF(ISNUMBER(AZ16),AZ16,VALUE(AZ16)),0)/2)*$F16*$F$13*20)) | BB16: =IF(AZ16="","◄",IF(AZ16="NE","~","")) | BD16: =IF(BC16="","",IF(BC16="NE","",(IFERROR(IF(ISNUMBER(BC16),BC16,VALUE(BC16)),0)/2)*$F16*$F$13*20)) | BE16: =IF(BC16="","◄",IF(BC16="NE","~","")) | BG16: =IF(BF16="","",IF(BF16="NE","",(IFERROR(IF(ISNUMBER(BF16),BF16,VALUE(BF16)),0)/2)*$F16*$F$13*20)) | BH16: =IF(BF16="","◄",IF(BF16="NE","~","")) | BJ16: =IF(BI16="","",IF(BI16="NE","",(IFERROR(IF(ISNUMBER(BI16),BI16,VALUE(BI16)),0)/2)*$F16*$F$13*20)) | BK16: =IF(BI16="","◄",IF(BI16="NE","~","")) | BM16: =IF(BL16="","",IF(BL16="NE","",(IFERROR(IF(ISNUMBER(BL16),BL16,VALUE(BL16)),0)/2)*$F16*$F$13*20)) | BN16: =IF(BL16="","◄",IF(BL16="NE","~","")) | BP16: =IF(BO16="","",IF(BO16="NE","",(IFERROR(IF(ISNUMBER(BO16),BO16,VALUE(BO16)),0)/2)*$F16*$F$13*20)) | BQ16: =IF(BO16="","◄",IF(BO16="NE","~","")) | BS16: =IF(BR16="","",IF(BR16="NE","",(IFERROR(IF(ISNUMBER(BR16),BR16,VALUE(BR16)),0)/2)*$F16*$F$13*20)) | BT16: =IF(BR16="","◄",IF(BR16="NE","~","")) | BV16: =IF(BU16="","",IF(BU16="NE","",(IFERROR(IF(ISNUMBER(BU16),BU16,VALUE(BU16)),0)/2)*$F16*$F$13*20)) | BW16: =IF(BU16="","◄",IF(BU16="NE","~","")) | BY16: =IF(BX16="","",IF(BX16="NE","",(IFERROR(IF(ISNUMBER(BX16),BX16,VALUE(BX16)),0)/2)*$F16*$F$13*20)) | BZ16: =IF(BX16="","◄",IF(BX16="NE","~","")) | CB16: =IF(CA16="","",IF(CA16="NE","",(IFERROR(IF(ISNUMBER(CA16),CA16,VALUE(CA16)),0)/2)*$F16*$F$13*20)) | CC16: =IF(CA16="","◄",IF(CA16="NE","~","")) | CE16: =IF(CD16="","",IF(CD16="NE","",(IFERROR(IF(ISNUMBER(CD16),CD16,VALUE(CD16)),0)/2)*$F16*$F$13*20)) | CF16: =IF(CD16="","◄",IF(CD16="NE","~","")) | CH16: =IF(CG16="","",IF(CG16="NE","",(IFERROR(IF(ISNUMBER(CG16),CG16,VALUE(CG16)),0)/2)*$F16*$F$13*20)) | CI16: =IF(CG16="","◄",IF(CG16="NE","~","")) | CK16: =IF(CJ16="","",IF(CJ16="NE","",(IFERROR(IF(ISNUMBER(CJ16),CJ16,VALUE(CJ16)),0)/2)*$F16*$F$13*20)) | CL16: =IF(CJ16="","◄",IF(CJ16="NE","~","")) | CN16: =IF(CM16="","",IF(CM16="NE","",(IFERROR(IF(ISNUMBER(CM16),CM16,VALUE(CM16)),0)/2)*$F16*$F$13*20)) | CO16: =IF(CM16="","◄",IF(CM16="NE","~","")) | CQ16: =IF(CP16="","",IF(CP16="NE","",(IFERROR(IF(ISNUMBER(CP16),CP16,VALUE(CP16)),0)/2)*$F16*$F$13*20)) | CR16: =IF(CP16="","◄",IF(CP16="NE","~",""))
A17: 11 | B17: P2 | C17: Q2.2 | D17: Critère | E17: Ligne (1) DR2 correctement complétée. | F17: 0.1 | H17: =IF(G17="","",IF(G17="NE","",(IFERROR(IF(ISNUMBER(G17),G17,VALUE(G17)),0)/2)*$F17*$F$13*20)) | I17: =IF(G17="","◄",IF(G17="NE","~","")) | K17: =IF(J17="","",IF(J17="NE","",(IFERROR(IF(ISNUMBER(J17),J17,VALUE(J17)),0)/2)*$F17*$F$13*20)) | L17: =IF(J17="","◄",IF(J17="NE","~","")) | N17: =IF(M17="","",IF(M17="NE","",(IFERROR(IF(ISNUMBER(M17),M17,VALUE(M17)),0)/2)*$F17*$F$13*20)) | O17: =IF(M17="","◄",IF(M17="NE","~","")) | Q17: =IF(P17="","",IF(P17="NE","",(IFERROR(IF(ISNUMBER(P17),P17,VALUE(P17)),0)/2)*$F17*$F$13*20)) | R17: =IF(P17="","◄",IF(P17="NE","~","")) | T17: =IF(S17="","",IF(S17="NE","",(IFERROR(IF(ISNUMBER(S17),S17,VALUE(S17)),0)/2)*$F17*$F$13*20)) | U17: =IF(S17="","◄",IF(S17="NE","~","")) | W17: =IF(V17="","",IF(V17="NE","",(IFERROR(IF(ISNUMBER(V17),V17,VALUE(V17)),0)/2)*$F17*$F$13*20)) | X17: =IF(V17="","◄",IF(V17="NE","~","")) | Z17: =IF(Y17="","",IF(Y17="NE","",(IFERROR(IF(ISNUMBER(Y17),Y17,VALUE(Y17)),0)/2)*$F17*$F$13*20)) | AA17: =IF(Y17="","◄",IF(Y17="NE","~","")) | AC17: =IF(AB17="","",IF(AB17="NE","",(IFERROR(IF(ISNUMBER(AB17),AB17,VALUE(AB17)),0)/2)*$F17*$F$13*20)) | AD17: =IF(AB17="","◄",IF(AB17="NE","~","")) | AF17: =IF(AE17="","",IF(AE17="NE","",(IFERROR(IF(ISNUMBER(AE17),AE17,VALUE(AE17)),0)/2)*$F17*$F$13*20)) | AG17: =IF(AE17="","◄",IF(AE17="NE","~","")) | AI17: =IF(AH17="","",IF(AH17="NE","",(IFERROR(IF(ISNUMBER(AH17),AH17,VALUE(AH17)),0)/2)*$F17*$F$13*20)) | AJ17: =IF(AH17="","◄",IF(AH17="NE","~","")) | AL17: =IF(AK17="","",IF(AK17="NE","",(IFERROR(IF(ISNUMBER(AK17),AK17,VALUE(AK17)),0)/2)*$F17*$F$13*20)) | AM17: =IF(AK17="","◄",IF(AK17="NE","~","")) | AO17: =IF(AN17="","",IF(AN17="NE","",(IFERROR(IF(ISNUMBER(AN17),AN17,VALUE(AN17)),0)/2)*$F17*$F$13*20)) | AP17: =IF(AN17="","◄",IF(AN17="NE","~","")) | AR17: =IF(AQ17="","",IF(AQ17="NE","",(IFERROR(IF(ISNUMBER(AQ17),AQ17,VALUE(AQ17)),0)/2)*$F17*$F$13*20)) | AS17: =IF(AQ17="","◄",IF(AQ17="NE","~","")) | AU17: =IF(AT17="","",IF(AT17="NE","",(IFERROR(IF(ISNUMBER(AT17),AT17,VALUE(AT17)),0)/2)*$F17*$F$13*20)) | AV17: =IF(AT17="","◄",IF(AT17="NE","~","")) | AX17: =IF(AW17="","",IF(AW17="NE","",(IFERROR(IF(ISNUMBER(AW17),AW17,VALUE(AW17)),0)/2)*$F17*$F$13*20)) | AY17: =IF(AW17="","◄",IF(AW17="NE","~","")) | BA17: =IF(AZ17="","",IF(AZ17="NE","",(IFERROR(IF(ISNUMBER(AZ17),AZ17,VALUE(AZ17)),0)/2)*$F17*$F$13*20)) | BB17: =IF(AZ17="","◄",IF(AZ17="NE","~","")) | BD17: =IF(BC17="","",IF(BC17="NE","",(IFERROR(IF(ISNUMBER(BC17),BC17,VALUE(BC17)),0)/2)*$F17*$F$13*20)) | BE17: =IF(BC17="","◄",IF(BC17="NE","~","")) | BG17: =IF(BF17="","",IF(BF17="NE","",(IFERROR(IF(ISNUMBER(BF17),BF17,VALUE(BF17)),0)/2)*$F17*$F$13*20)) | BH17: =IF(BF17="","◄",IF(BF17="NE","~","")) | BJ17: =IF(BI17="","",IF(BI17="NE","",(IFERROR(IF(ISNUMBER(BI17),BI17,VALUE(BI17)),0)/2)*$F17*$F$13*20)) | BK17: =IF(BI17="","◄",IF(BI17="NE","~","")) | BM17: =IF(BL17="","",IF(BL17="NE","",(IFERROR(IF(ISNUMBER(BL17),BL17,VALUE(BL17)),0)/2)*$F17*$F$13*20)) | BN17: =IF(BL17="","◄",IF(BL17="NE","~","")) | BP17: =IF(BO17="","",IF(BO17="NE","",(IFERROR(IF(ISNUMBER(BO17),BO17,VALUE(BO17)),0)/2)*$F17*$F$13*20)) | BQ17: =IF(BO17="","◄",IF(BO17="NE","~","")) | BS17: =IF(BR17="","",IF(BR17="NE","",(IFERROR(IF(ISNUMBER(BR17),BR17,VALUE(BR17)),0)/2)*$F17*$F$13*20)) | BT17: =IF(BR17="","◄",IF(BR17="NE","~","")) | BV17: =IF(BU17="","",IF(BU17="NE","",(IFERROR(IF(ISNUMBER(BU17),BU17,VALUE(BU17)),0)/2)*$F17*$F$13*20)) | BW17: =IF(BU17="","◄",IF(BU17="NE","~","")) | BY17: =IF(BX17="","",IF(BX17="NE","",(IFERROR(IF(ISNUMBER(BX17),BX17,VALUE(BX17)),0)/2)*$F17*$F$13*20)) | BZ17: =IF(BX17="","◄",IF(BX17="NE","~","")) | CB17: =IF(CA17="","",IF(CA17="NE","",(IFERROR(IF(ISNUMBER(CA17),CA17,VALUE(CA17)),0)/2)*$F17*$F$13*20)) | CC17: =IF(CA17="","◄",IF(CA17="NE","~","")) | CE17: =IF(CD17="","",IF(CD17="NE","",(IFERROR(IF(ISNUMBER(CD17),CD17,VALUE(CD17)),0)/2)*$F17*$F$13*20)) | CF17: =IF(CD17="","◄",IF(CD17="NE","~","")) | CH17: =IF(CG17="","",IF(CG17="NE","",(IFERROR(IF(ISNUMBER(CG17),CG17,VALUE(CG17)),0)/2)*$F17*$F$13*20)) | CI17: =IF(CG17="","◄",IF(CG17="NE","~","")) | CK17: =IF(CJ17="","",IF(CJ17="NE","",(IFERROR(IF(ISNUMBER(CJ17),CJ17,VALUE(CJ17)),0)/2)*$F17*$F$13*20)) | CL17: =IF(CJ17="","◄",IF(CJ17="NE","~","")) | CN17: =IF(CM17="","",IF(CM17="NE","",(IFERROR(IF(ISNUMBER(CM17),CM17,VALUE(CM17)),0)/2)*$F17*$F$13*20)) | CO17: =IF(CM17="","◄",IF(CM17="NE","~","")) | CQ17: =IF(CP17="","",IF(CP17="NE","",(IFERROR(IF(ISNUMBER(CP17),CP17,VALUE(CP17)),0)/2)*$F17*$F$13*20)) | CR17: =IF(CP17="","◄",IF(CP17="NE","~",""))
A18: 12 | B18: P2 | C18: Q2.3 | D18: Critère | E18: Calcul : 5 296 000 × (−0,2) = −1 059 200 kgeq.CO₂/an. | F18: 0.1 | H18: =IF(G18="","",IF(G18="NE","",(IFERROR(IF(ISNUMBER(G18),G18,VALUE(G18)),0)/2)*$F18*$F$13*20)) | I18: =IF(G18="","◄",IF(G18="NE","~","")) | K18: =IF(J18="","",IF(J18="NE","",(IFERROR(IF(ISNUMBER(J18),J18,VALUE(J18)),0)/2)*$F18*$F$13*20)) | L18: =IF(J18="","◄",IF(J18="NE","~","")) | N18: =IF(M18="","",IF(M18="NE","",(IFERROR(IF(ISNUMBER(M18),M18,VALUE(M18)),0)/2)*$F18*$F$13*20)) | O18: =IF(M18="","◄",IF(M18="NE","~","")) | Q18: =IF(P18="","",IF(P18="NE","",(IFERROR(IF(ISNUMBER(P18),P18,VALUE(P18)),0)/2)*$F18*$F$13*20)) | R18: =IF(P18="","◄",IF(P18="NE","~","")) | T18: =IF(S18="","",IF(S18="NE","",(IFERROR(IF(ISNUMBER(S18),S18,VALUE(S18)),0)/2)*$F18*$F$13*20)) | U18: =IF(S18="","◄",IF(S18="NE","~","")) | W18: =IF(V18="","",IF(V18="NE","",(IFERROR(IF(ISNUMBER(V18),V18,VALUE(V18)),0)/2)*$F18*$F$13*20)) | X18: =IF(V18="","◄",IF(V18="NE","~","")) | Z18: =IF(Y18="","",IF(Y18="NE","",(IFERROR(IF(ISNUMBER(Y18),Y18,VALUE(Y18)),0)/2)*$F18*$F$13*20)) | AA18: =IF(Y18="","◄",IF(Y18="NE","~","")) | AC18: =IF(AB18="","",IF(AB18="NE","",(IFERROR(IF(ISNUMBER(AB18),AB18,VALUE(AB18)),0)/2)*$F18*$F$13*20)) | AD18: =IF(AB18="","◄",IF(AB18="NE","~","")) | AF18: =IF(AE18="","",IF(AE18="NE","",(IFERROR(IF(ISNUMBER(AE18),AE18,VALUE(AE18)),0)/2)*$F18*$F$13*20)) | AG18: =IF(AE18="","◄",IF(AE18="NE","~","")) | AI18: =IF(AH18="","",IF(AH18="NE","",(IFERROR(IF(ISNUMBER(AH18),AH18,VALUE(AH18)),0)/2)*$F18*$F$13*20)) | AJ18: =IF(AH18="","◄",IF(AH18="NE","~","")) | AL18: =IF(AK18="","",IF(AK18="NE","",(IFERROR(IF(ISNUMBER(AK18),AK18,VALUE(AK18)),0)/2)*$F18*$F$13*20)) | AM18: =IF(AK18="","◄",IF(AK18="NE","~","")) | AO18: =IF(AN18="","",IF(AN18="NE","",(IFERROR(IF(ISNUMBER(AN18),AN18,VALUE(AN18)),0)/2)*$F18*$F$13*20)) | AP18: =IF(AN18="","◄",IF(AN18="NE","~","")) | AR18: =IF(AQ18="","",IF(AQ18="NE","",(IFERROR(IF(ISNUMBER(AQ18),AQ18,VALUE(AQ18)),0)/2)*$F18*$F$13*20)) | AS18: =IF(AQ18="","◄",IF(AQ18="NE","~","")) | AU18: =IF(AT18="","",IF(AT18="NE","",(IFERROR(IF(ISNUMBER(AT18),AT18,VALUE(AT18)),0)/2)*$F18*$F$13*20)) | AV18: =IF(AT18="","◄",IF(AT18="NE","~","")) | AX18: =IF(AW18="","",IF(AW18="NE","",(IFERROR(IF(ISNUMBER(AW18),AW18,VALUE(AW18)),0)/2)*$F18*$F$13*20)) | AY18: =IF(AW18="","◄",IF(AW18="NE","~","")) | BA18: =IF(AZ18="","",IF(AZ18="NE","",(IFERROR(IF(ISNUMBER(AZ18),AZ18,VALUE(AZ18)),0)/2)*$F18*$F$13*20)) | BB18: =IF(AZ18="","◄",IF(AZ18="NE","~","")) | BD18: =IF(BC18="","",IF(BC18="NE","",(IFERROR(IF(ISNUMBER(BC18),BC18,VALUE(BC18)),0)/2)*$F18*$F$13*20)) | BE18: =IF(BC18="","◄",IF(BC18="NE","~","")) | BG18: =IF(BF18="","",IF(BF18="NE","",(IFERROR(IF(ISNUMBER(BF18),BF18,VALUE(BF18)),0)/2)*$F18*$F$13*20)) | BH18: =IF(BF18="","◄",IF(BF18="NE","~","")) | BJ18: =IF(BI18="","",IF(BI18="NE","",(IFERROR(IF(ISNUMBER(BI18),BI18,VALUE(BI18)),0)/2)*$F18*$F$13*20)) | BK18: =IF(BI18="","◄",IF(BI18="NE","~","")) | BM18: =IF(BL18="","",IF(BL18="NE","",(IFERROR(IF(ISNUMBER(BL18),BL18,VALUE(BL18)),0)/2)*$F18*$F$13*20)) | BN18: =IF(BL18="","◄",IF(BL18="NE","~","")) | BP18: =IF(BO18="","",IF(BO18="NE","",(IFERROR(IF(ISNUMBER(BO18),BO18,VALUE(BO18)),0)/2)*$F18*$F$13*20)) | BQ18: =IF(BO18="","◄",IF(BO18="NE","~","")) | BS18: =IF(BR18="","",IF(BR18="NE","",(IFERROR(IF(ISNUMBER(BR18),BR18,VALUE(BR18)),0)/2)*$F18*$F$13*20)) | BT18: =IF(BR18="","◄",IF(BR18="NE","~","")) | BV18: =IF(BU18="","",IF(BU18="NE","",(IFERROR(IF(ISNUMBER(BU18),BU18,VALUE(BU18)),0)/2)*$F18*$F$13*20)) | BW18: =IF(BU18="","◄",IF(BU18="NE","~","")) | BY18: =IF(BX18="","",IF(BX18="NE","",(IFERROR(IF(ISNUMBER(BX18),BX18,VALUE(BX18)),0)/2)*$F18*$F$13*20)) | BZ18: =IF(BX18="","◄",IF(BX18="NE","~","")) | CB18: =IF(CA18="","",IF(CA18="NE","",(IFERROR(IF(ISNUMBER(CA18),CA18,VALUE(CA18)),0)/2)*$F18*$F$13*20)) | CC18: =IF(CA18="","◄",IF(CA18="NE","~","")) | CE18: =IF(CD18="","",IF(CD18="NE","",(IFERROR(IF(ISNUMBER(CD18),CD18,VALUE(CD18)),0)/2)*$F18*$F$13*20)) | CF18: =IF(CD18="","◄",IF(CD18="NE","~","")) | CH18: =IF(CG18="","",IF(CG18="NE","",(IFERROR(IF(ISNUMBER(CG18),CG18,VALUE(CG18)),0)/2)*$F18*$F$13*20)) | CI18: =IF(CG18="","◄",IF(CG18="NE","~","")) | CK18: =IF(CJ18="","",IF(CJ18="NE","",(IFERROR(IF(ISNUMBER(CJ18),CJ18,VALUE(CJ18)),0)/2)*$F18*$F$13*20)) | CL18: =IF(CJ18="","◄",IF(CJ18="NE","~","")) | CN18: =IF(CM18="","",IF(CM18="NE","",(IFERROR(IF(ISNUMBER(CM18),CM18,VALUE(CM18)),0)/2)*$F18*$F$13*20)) | CO18: =IF(CM18="","◄",IF(CM18="NE","~","")) | CQ18: =IF(CP18="","",IF(CP18="NE","",(IFERROR(IF(ISNUMBER(CP18),CP18,VALUE(CP18)),0)/2)*$F18*$F$13*20)) | CR18: =IF(CP18="","◄",IF(CP18="NE","~",""))
A19: 13 | B19: P2 | C19: Q2.3 | D19: Critère | E19: Ligne (4) DR2 correctement complétée. | F19: 0.1 | H19: =IF(G19="","",IF(G19="NE","",(IFERROR(IF(ISNUMBER(G19),G19,VALUE(G19)),0)/2)*$F19*$F$13*20)) | I19: =IF(G19="","◄",IF(G19="NE","~","")) | K19: =IF(J19="","",IF(J19="NE","",(IFERROR(IF(ISNUMBER(J19),J19,VALUE(J19)),0)/2)*$F19*$F$13*20)) | L19: =IF(J19="","◄",IF(J19="NE","~","")) | N19: =IF(M19="","",IF(M19="NE","",(IFERROR(IF(ISNUMBER(M19),M19,VALUE(M19)),0)/2)*$F19*$F$13*20)) | O19: =IF(M19="","◄",IF(M19="NE","~","")) | Q19: =IF(P19="","",IF(P19="NE","",(IFERROR(IF(ISNUMBER(P19),P19,VALUE(P19)),0)/2)*$F19*$F$13*20)) | R19: =IF(P19="","◄",IF(P19="NE","~","")) | T19: =IF(S19="","",IF(S19="NE","",(IFERROR(IF(ISNUMBER(S19),S19,VALUE(S19)),0)/2)*$F19*$F$13*20)) | U19: =IF(S19="","◄",IF(S19="NE","~","")) | W19: =IF(V19="","",IF(V19="NE","",(IFERROR(IF(ISNUMBER(V19),V19,VALUE(V19)),0)/2)*$F19*$F$13*20)) | X19: =IF(V19="","◄",IF(V19="NE","~","")) | Z19: =IF(Y19="","",IF(Y19="NE","",(IFERROR(IF(ISNUMBER(Y19),Y19,VALUE(Y19)),0)/2)*$F19*$F$13*20)) | AA19: =IF(Y19="","◄",IF(Y19="NE","~","")) | AC19: =IF(AB19="","",IF(AB19="NE","",(IFERROR(IF(ISNUMBER(AB19),AB19,VALUE(AB19)),0)/2)*$F19*$F$13*20)) | AD19: =IF(AB19="","◄",IF(AB19="NE","~","")) | AF19: =IF(AE19="","",IF(AE19="NE","",(IFERROR(IF(ISNUMBER(AE19),AE19,VALUE(AE19)),0)/2)*$F19*$F$13*20)) | AG19: =IF(AE19="","◄",IF(AE19="NE","~","")) | AI19: =IF(AH19="","",IF(AH19="NE","",(IFERROR(IF(ISNUMBER(AH19),AH19,VALUE(AH19)),0)/2)*$F19*$F$13*20)) | AJ19: =IF(AH19="","◄",IF(AH19="NE","~","")) | AL19: =IF(AK19="","",IF(AK19="NE","",(IFERROR(IF(ISNUMBER(AK19),AK19,VALUE(AK19)),0)/2)*$F19*$F$13*20)) | AM19: =IF(AK19="","◄",IF(AK19="NE","~","")) | AO19: =IF(AN19="","",IF(AN19="NE","",(IFERROR(IF(ISNUMBER(AN19),AN19,VALUE(AN19)),0)/2)*$F19*$F$13*20)) | AP19: =IF(AN19="","◄",IF(AN19="NE","~","")) | AR19: =IF(AQ19="","",IF(AQ19="NE","",(IFERROR(IF(ISNUMBER(AQ19),AQ19,VALUE(AQ19)),0)/2)*$F19*$F$13*20)) | AS19: =IF(AQ19="","◄",IF(AQ19="NE","~","")) | AU19: =IF(AT19="","",IF(AT19="NE","",(IFERROR(IF(ISNUMBER(AT19),AT19,VALUE(AT19)),0)/2)*$F19*$F$13*20)) | AV19: =IF(AT19="","◄",IF(AT19="NE","~","")) | AX19: =IF(AW19="","",IF(AW19="NE","",(IFERROR(IF(ISNUMBER(AW19),AW19,VALUE(AW19)),0)/2)*$F19*$F$13*20)) | AY19: =IF(AW19="","◄",IF(AW19="NE","~","")) | BA19: =IF(AZ19="","",IF(AZ19="NE","",(IFERROR(IF(ISNUMBER(AZ19),AZ19,VALUE(AZ19)),0)/2)*$F19*$F$13*20)) | BB19: =IF(AZ19="","◄",IF(AZ19="NE","~","")) | BD19: =IF(BC19="","",IF(BC19="NE","",(IFERROR(IF(ISNUMBER(BC19),BC19,VALUE(BC19)),0)/2)*$F19*$F$13*20)) | BE19: =IF(BC19="","◄",IF(BC19="NE","~","")) | BG19: =IF(BF19="","",IF(BF19="NE","",(IFERROR(IF(ISNUMBER(BF19),BF19,VALUE(BF19)),0)/2)*$F19*$F$13*20)) | BH19: =IF(BF19="","◄",IF(BF19="NE","~","")) | BJ19: =IF(BI19="","",IF(BI19="NE","",(IFERROR(IF(ISNUMBER(BI19),BI19,VALUE(BI19)),0)/2)*$F19*$F$13*20)) | BK19: =IF(BI19="","◄",IF(BI19="NE","~","")) | BM19: =IF(BL19="","",IF(BL19="NE","",(IFERROR(IF(ISNUMBER(BL19),BL19,VALUE(BL19)),0)/2)*$F19*$F$13*20)) | BN19: =IF(BL19="","◄",IF(BL19="NE","~","")) | BP19: =IF(BO19="","",IF(BO19="NE","",(IFERROR(IF(ISNUMBER(BO19),BO19,VALUE(BO19)),0)/2)*$F19*$F$13*20)) | BQ19: =IF(BO19="","◄",IF(BO19="NE","~","")) | BS19: =IF(BR19="","",IF(BR19="NE","",(IFERROR(IF(ISNUMBER(BR19),BR19,VALUE(BR19)),0)/2)*$F19*$F$13*20)) | BT19: =IF(BR19="","◄",IF(BR19="NE","~","")) | BV19: =IF(BU19="","",IF(BU19="NE","",(IFERROR(IF(ISNUMBER(BU19),BU19,VALUE(BU19)),0)/2)*$F19*$F$13*20)) | BW19: =IF(BU19="","◄",IF(BU19="NE","~","")) | BY19: =IF(BX19="","",IF(BX19="NE","",(IFERROR(IF(ISNUMBER(BX19),BX19,VALUE(BX19)),0)/2)*$F19*$F$13*20)) | BZ19: =IF(BX19="","◄",IF(BX19="NE","~","")) | CB19: =IF(CA19="","",IF(CA19="NE","",(IFERROR(IF(ISNUMBER(CA19),CA19,VALUE(CA19)),0)/2)*$F19*$F$13*20)) | CC19: =IF(CA19="","◄",IF(CA19="NE","~","")) | CE19: =IF(CD19="","",IF(CD19="NE","",(IFERROR(IF(ISNUMBER(CD19),CD19,VALUE(CD19)),0)/2)*$F19*$F$13*20)) | CF19: =IF(CD19="","◄",IF(CD19="NE","~","")) | CH19: =IF(CG19="","",IF(CG19="NE","",(IFERROR(IF(ISNUMBER(CG19),CG19,VALUE(CG19)),0)/2)*$F19*$F$13*20)) | CI19: =IF(CG19="","◄",IF(CG19="NE","~","")) | CK19: =IF(CJ19="","",IF(CJ19="NE","",(IFERROR(IF(ISNUMBER(CJ19),CJ19,VALUE(CJ19)),0)/2)*$F19*$F$13*20)) | CL19: =IF(CJ19="","◄",IF(CJ19="NE","~","")) | CN19: =IF(CM19="","",IF(CM19="NE","",(IFERROR(IF(ISNUMBER(CM19),CM19,VALUE(CM19)),0)/2)*$F19*$F$13*20)) | CO19: =IF(CM19="","◄",IF(CM19="NE","~","")) | CQ19: =IF(CP19="","",IF(CP19="NE","",(IFERROR(IF(ISNUMBER(CP19),CP19,VALUE(CP19)),0)/2)*$F19*$F$13*20)) | CR19: =IF(CP19="","◄",IF(CP19="NE","~",""))
A20: 14 | B20: P2 | C20: Q2.4 | D20: Critère | E20: Totaux correctement calculés (DR2). | F20: 0.1 | H20: =IF(G20="","",IF(G20="NE","",(IFERROR(IF(ISNUMBER(G20),G20,VALUE(G20)),0)/2)*$F20*$F$13*20)) | I20: =IF(G20="","◄",IF(G20="NE","~","")) | K20: =IF(J20="","",IF(J20="NE","",(IFERROR(IF(ISNUMBER(J20),J20,VALUE(J20)),0)/2)*$F20*$F$13*20)) | L20: =IF(J20="","◄",IF(J20="NE","~","")) | N20: =IF(M20="","",IF(M20="NE","",(IFERROR(IF(ISNUMBER(M20),M20,VALUE(M20)),0)/2)*$F20*$F$13*20)) | O20: =IF(M20="","◄",IF(M20="NE","~","")) | Q20: =IF(P20="","",IF(P20="NE","",(IFERROR(IF(ISNUMBER(P20),P20,VALUE(P20)),0)/2)*$F20*$F$13*20)) | R20: =IF(P20="","◄",IF(P20="NE","~","")) | T20: =IF(S20="","",IF(S20="NE","",(IFERROR(IF(ISNUMBER(S20),S20,VALUE(S20)),0)/2)*$F20*$F$13*20)) | U20: =IF(S20="","◄",IF(S20="NE","~","")) | W20: =IF(V20="","",IF(V20="NE","",(IFERROR(IF(ISNUMBER(V20),V20,VALUE(V20)),0)/2)*$F20*$F$13*20)) | X20: =IF(V20="","◄",IF(V20="NE","~","")) | Z20: =IF(Y20="","",IF(Y20="NE","",(IFERROR(IF(ISNUMBER(Y20),Y20,VALUE(Y20)),0)/2)*$F20*$F$13*20)) | AA20: =IF(Y20="","◄",IF(Y20="NE","~","")) | AC20: =IF(AB20="","",IF(AB20="NE","",(IFERROR(IF(ISNUMBER(AB20),AB20,VALUE(AB20)),0)/2)*$F20*$F$13*20)) | AD20: =IF(AB20="","◄",IF(AB20="NE","~","")) | AF20: =IF(AE20="","",IF(AE20="NE","",(IFERROR(IF(ISNUMBER(AE20),AE20,VALUE(AE20)),0)/2)*$F20*$F$13*20)) | AG20: =IF(AE20="","◄",IF(AE20="NE","~","")) | AI20: =IF(AH20="","",IF(AH20="NE","",(IFERROR(IF(ISNUMBER(AH20),AH20,VALUE(AH20)),0)/2)*$F20*$F$13*20)) | AJ20: =IF(AH20="","◄",IF(AH20="NE","~","")) | AL20: =IF(AK20="","",IF(AK20="NE","",(IFERROR(IF(ISNUMBER(AK20),AK20,VALUE(AK20)),0)/2)*$F20*$F$13*20)) | AM20: =IF(AK20="","◄",IF(AK20="NE","~","")) | AO20: =IF(AN20="","",IF(AN20="NE","",(IFERROR(IF(ISNUMBER(AN20),AN20,VALUE(AN20)),0)/2)*$F20*$F$13*20)) | AP20: =IF(AN20="","◄",IF(AN20="NE","~","")) | AR20: =IF(AQ20="","",IF(AQ20="NE","",(IFERROR(IF(ISNUMBER(AQ20),AQ20,VALUE(AQ20)),0)/2)*$F20*$F$13*20)) | AS20: =IF(AQ20="","◄",IF(AQ20="NE","~","")) | AU20: =IF(AT20="","",IF(AT20="NE","",(IFERROR(IF(ISNUMBER(AT20),AT20,VALUE(AT20)),0)/2)*$F20*$F$13*20)) | AV20: =IF(AT20="","◄",IF(AT20="NE","~","")) | AX20: =IF(AW20="","",IF(AW20="NE","",(IFERROR(IF(ISNUMBER(AW20),AW20,VALUE(AW20)),0)/2)*$F20*$F$13*20)) | AY20: =IF(AW20="","◄",IF(AW20="NE","~","")) | BA20: =IF(AZ20="","",IF(AZ20="NE","",(IFERROR(IF(ISNUMBER(AZ20),AZ20,VALUE(AZ20)),0)/2)*$F20*$F$13*20)) | BB20: =IF(AZ20="","◄",IF(AZ20="NE","~","")) | BD20: =IF(BC20="","",IF(BC20="NE","",(IFERROR(IF(ISNUMBER(BC20),BC20,VALUE(BC20)),0)/2)*$F20*$F$13*20)) | BE20: =IF(BC20="","◄",IF(BC20="NE","~","")) | BG20: =IF(BF20="","",IF(BF20="NE","",(IFERROR(IF(ISNUMBER(BF20),BF20,VALUE(BF20)),0)/2)*$F20*$F$13*20)) | BH20: =IF(BF20="","◄",IF(BF20="NE","~","")) | BJ20: =IF(BI20="","",IF(BI20="NE","",(IFERROR(IF(ISNUMBER(BI20),BI20,VALUE(BI20)),0)/2)*$F20*$F$13*20)) | BK20: =IF(BI20="","◄",IF(BI20="NE","~","")) | BM20: =IF(BL20="","",IF(BL20="NE","",(IFERROR(IF(ISNUMBER(BL20),BL20,VALUE(BL20)),0)/2)*$F20*$F$13*20)) | BN20: =IF(BL20="","◄",IF(BL20="NE","~","")) | BP20: =IF(BO20="","",IF(BO20="NE","",(IFERROR(IF(ISNUMBER(BO20),BO20,VALUE(BO20)),0)/2)*$F20*$F$13*20)) | BQ20: =IF(BO20="","◄",IF(BO20="NE","~","")) | BS20: =IF(BR20="","",IF(BR20="NE","",(IFERROR(IF(ISNUMBER(BR20),BR20,VALUE(BR20)),0)/2)*$F20*$F$13*20)) | BT20: =IF(BR20="","◄",IF(BR20="NE","~","")) | BV20: =IF(BU20="","",IF(BU20="NE","",(IFERROR(IF(ISNUMBER(BU20),BU20,VALUE(BU20)),0)/2)*$F20*$F$13*20)) | BW20: =IF(BU20="","◄",IF(BU20="NE","~","")) | BY20: =IF(BX20="","",IF(BX20="NE","",(IFERROR(IF(ISNUMBER(BX20),BX20,VALUE(BX20)),0)/2)*$F20*$F$13*20)) | BZ20: =IF(BX20="","◄",IF(BX20="NE","~","")) | CB20: =IF(CA20="","",IF(CA20="NE","",(IFERROR(IF(ISNUMBER(CA20),CA20,VALUE(CA20)),0)/2)*$F20*$F$13*20)) | CC20: =IF(CA20="","◄",IF(CA20="NE","~","")) | CE20: =IF(CD20="","",IF(CD20="NE","",(IFERROR(IF(ISNUMBER(CD20),CD20,VALUE(CD20)),0)/2)*$F20*$F$13*20)) | CF20: =IF(CD20="","◄",IF(CD20="NE","~","")) | CH20: =IF(CG20="","",IF(CG20="NE","",(IFERROR(IF(ISNUMBER(CG20),CG20,VALUE(CG20)),0)/2)*$F20*$F$13*20)) | CI20: =IF(CG20="","◄",IF(CG20="NE","~","")) | CK20: =IF(CJ20="","",IF(CJ20="NE","",(IFERROR(IF(ISNUMBER(CJ20),CJ20,VALUE(CJ20)),0)/2)*$F20*$F$13*20)) | CL20: =IF(CJ20="","◄",IF(CJ20="NE","~","")) | CN20: =IF(CM20="","",IF(CM20="NE","",(IFERROR(IF(ISNUMBER(CM20),CM20,VALUE(CM20)),0)/2)*$F20*$F$13*20)) | CO20: =IF(CM20="","◄",IF(CM20="NE","~","")) | CQ20: =IF(CP20="","",IF(CP20="NE","",(IFERROR(IF(ISNUMBER(CP20),CP20,VALUE(CP20)),0)/2)*$F20*$F$13*20)) | CR20: =IF(CP20="","◄",IF(CP20="NE","~",""))
A21: 15 | B21: P2 | C21: Q2.4 | D21: Critère | E21: Conclusion DD : économique (biogaz, valorisation combustible), environnemental (réduction GES), sociétal (nuisances olfactives). | F21: 0.3 | H21: =IF(G21="","",IF(G21="NE","",(IFERROR(IF(ISNUMBER(G21),G21,VALUE(G21)),0)/2)*$F21*$F$13*20)) | I21: =IF(G21="","◄",IF(G21="NE","~","")) | K21: =IF(J21="","",IF(J21="NE","",(IFERROR(IF(ISNUMBER(J21),J21,VALUE(J21)),0)/2)*$F21*$F$13*20)) | L21: =IF(J21="","◄",IF(J21="NE","~","")) | N21: =IF(M21="","",IF(M21="NE","",(IFERROR(IF(ISNUMBER(M21),M21,VALUE(M21)),0)/2)*$F21*$F$13*20)) | O21: =IF(M21="","◄",IF(M21="NE","~","")) | Q21: =IF(P21="","",IF(P21="NE","",(IFERROR(IF(ISNUMBER(P21),P21,VALUE(P21)),0)/2)*$F21*$F$13*20)) | R21: =IF(P21="","◄",IF(P21="NE","~","")) | T21: =IF(S21="","",IF(S21="NE","",(IFERROR(IF(ISNUMBER(S21),S21,VALUE(S21)),0)/2)*$F21*$F$13*20)) | U21: =IF(S21="","◄",IF(S21="NE","~","")) | W21: =IF(V21="","",IF(V21="NE","",(IFERROR(IF(ISNUMBER(V21),V21,VALUE(V21)),0)/2)*$F21*$F$13*20)) | X21: =IF(V21="","◄",IF(V21="NE","~","")) | Z21: =IF(Y21="","",IF(Y21="NE","",(IFERROR(IF(ISNUMBER(Y21),Y21,VALUE(Y21)),0)/2)*$F21*$F$13*20)) | AA21: =IF(Y21="","◄",IF(Y21="NE","~","")) | AC21: =IF(AB21="","",IF(AB21="NE","",(IFERROR(IF(ISNUMBER(AB21),AB21,VALUE(AB21)),0)/2)*$F21*$F$13*20)) | AD21: =IF(AB21="","◄",IF(AB21="NE","~","")) | AF21: =IF(AE21="","",IF(AE21="NE","",(IFERROR(IF(ISNUMBER(AE21),AE21,VALUE(AE21)),0)/2)*$F21*$F$13*20)) | AG21: =IF(AE21="","◄",IF(AE21="NE","~","")) | AI21: =IF(AH21="","",IF(AH21="NE","",(IFERROR(IF(ISNUMBER(AH21),AH21,VALUE(AH21)),0)/2)*$F21*$F$13*20)) | AJ21: =IF(AH21="","◄",IF(AH21="NE","~","")) | AL21: =IF(AK21="","",IF(AK21="NE","",(IFERROR(IF(ISNUMBER(AK21),AK21,VALUE(AK21)),0)/2)*$F21*$F$13*20)) | AM21: =IF(AK21="","◄",IF(AK21="NE","~","")) | AO21: =IF(AN21="","",IF(AN21="NE","",(IFERROR(IF(ISNUMBER(AN21),AN21,VALUE(AN21)),0)/2)*$F21*$F$13*20)) | AP21: =IF(AN21="","◄",IF(AN21="NE","~","")) | AR21: =IF(AQ21="","",IF(AQ21="NE","",(IFERROR(IF(ISNUMBER(AQ21),AQ21,VALUE(AQ21)),0)/2)*$F21*$F$13*20)) | AS21: =IF(AQ21="","◄",IF(AQ21="NE","~","")) | AU21: =IF(AT21="","",IF(AT21="NE","",(IFERROR(IF(ISNUMBER(AT21),AT21,VALUE(AT21)),0)/2)*$F21*$F$13*20)) | AV21: =IF(AT21="","◄",IF(AT21="NE","~","")) | AX21: =IF(AW21="","",IF(AW21="NE","",(IFERROR(IF(ISNUMBER(AW21),AW21,VALUE(AW21)),0)/2)*$F21*$F$13*20)) | AY21: =IF(AW21="","◄",IF(AW21="NE","~","")) | BA21: =IF(AZ21="","",IF(AZ21="NE","",(IFERROR(IF(ISNUMBER(AZ21),AZ21,VALUE(AZ21)),0)/2)*$F21*$F$13*20)) | BB21: =IF(AZ21="","◄",IF(AZ21="NE","~","")) | BD21: =IF(BC21="","",IF(BC21="NE","",(IFERROR(IF(ISNUMBER(BC21),BC21,VALUE(BC21)),0)/2)*$F21*$F$13*20)) | BE21: =IF(BC21="","◄",IF(BC21="NE","~","")) | BG21: =IF(BF21="","",IF(BF21="NE","",(IFERROR(IF(ISNUMBER(BF21),BF21,VALUE(BF21)),0)/2)*$F21*$F$13*20)) | BH21: =IF(BF21="","◄",IF(BF21="NE","~","")) | BJ21: =IF(BI21="","",IF(BI21="NE","",(IFERROR(IF(ISNUMBER(BI21),BI21,VALUE(BI21)),0)/2)*$F21*$F$13*20)) | BK21: =IF(BI21="","◄",IF(BI21="NE","~","")) | BM21: =IF(BL21="","",IF(BL21="NE","",(IFERROR(IF(ISNUMBER(BL21),BL21,VALUE(BL21)),0)/2)*$F21*$F$13*20)) | BN21: =IF(BL21="","◄",IF(BL21="NE","~","")) | BP21: =IF(BO21="","",IF(BO21="NE","",(IFERROR(IF(ISNUMBER(BO21),BO21,VALUE(BO21)),0)/2)*$F21*$F$13*20)) | BQ21: =IF(BO21="","◄",IF(BO21="NE","~","")) | BS21: =IF(BR21="","",IF(BR21="NE","",(IFERROR(IF(ISNUMBER(BR21),BR21,VALUE(BR21)),0)/2)*$F21*$F$13*20)) | BT21: =IF(BR21="","◄",IF(BR21="NE","~","")) | BV21: =IF(BU21="","",IF(BU21="NE","",(IFERROR(IF(ISNUMBER(BU21),BU21,VALUE(BU21)),0)/2)*$F21*$F$13*20)) | BW21: =IF(BU21="","◄",IF(BU21="NE","~","")) | BY21: =IF(BX21="","",IF(BX21="NE","",(IFERROR(IF(ISNUMBER(BX21),BX21,VALUE(BX21)),0)/2)*$F21*$F$13*20)) | BZ21: =IF(BX21="","◄",IF(BX21="NE","~","")) | CB21: =IF(CA21="","",IF(CA21="NE","",(IFERROR(IF(ISNUMBER(CA21),CA21,VALUE(CA21)),0)/2)*$F21*$F$13*20)) | CC21: =IF(CA21="","◄",IF(CA21="NE","~","")) | CE21: =IF(CD21="","",IF(CD21="NE","",(IFERROR(IF(ISNUMBER(CD21),CD21,VALUE(CD21)),0)/2)*$F21*$F$13*20)) | CF21: =IF(CD21="","◄",IF(CD21="NE","~","")) | CH21: =IF(CG21="","",IF(CG21="NE","",(IFERROR(IF(ISNUMBER(CG21),CG21,VALUE(CG21)),0)/2)*$F21*$F$13*20)) | CI21: =IF(CG21="","◄",IF(CG21="NE","~","")) | CK21: =IF(CJ21="","",IF(CJ21="NE","",(IFERROR(IF(ISNUMBER(CJ21),CJ21,VALUE(CJ21)),0)/2)*$F21*$F$13*20)) | CL21: =IF(CJ21="","◄",IF(CJ21="NE","~","")) | CN21: =IF(CM21="","",IF(CM21="NE","",(IFERROR(IF(ISNUMBER(CM21),CM21,VALUE(CM21)),0)/2)*$F21*$F$13*20)) | CO21: =IF(CM21="","◄",IF(CM21="NE","~","")) | CQ21: =IF(CP21="","",IF(CP21="NE","",(IFERROR(IF(ISNUMBER(CP21),CP21,VALUE(CP21)),0)/2)*$F21*$F$13*20)) | CR21: =IF(CP21="","◄",IF(CP21="NE","~",""))
B22: P3 | D22: Partie | E22: Comment la maîtrise de l'information permet-elle de garantir la sécurité des personnes ? | F22: 0.1 | H22: =IFERROR(SUM(H23:H26)/(SUMPRODUCT(($F$23:$F$26)*(G23:G26<>"")*(G23:G26<>"NE"))*$F$22),"") | K22: =IFERROR(SUM(K23:K26)/(SUMPRODUCT(($F$23:$F$26)*(J23:J26<>"")*(J23:J26<>"NE"))*$F$22),"") | N22: =IFERROR(SUM(N23:N26)/(SUMPRODUCT(($F$23:$F$26)*(M23:M26<>"")*(M23:M26<>"NE"))*$F$22),"") | Q22: =IFERROR(SUM(Q23:Q26)/(SUMPRODUCT(($F$23:$F$26)*(P23:P26<>"")*(P23:P26<>"NE"))*$F$22),"") | T22: =IFERROR(SUM(T23:T26)/(SUMPRODUCT(($F$23:$F$26)*(S23:S26<>"")*(S23:S26<>"NE"))*$F$22),"") | W22: =IFERROR(SUM(W23:W26)/(SUMPRODUCT(($F$23:$F$26)*(V23:V26<>"")*(V23:V26<>"NE"))*$F$22),"") | Z22: =IFERROR(SUM(Z23:Z26)/(SUMPRODUCT(($F$23:$F$26)*(Y23:Y26<>"")*(Y23:Y26<>"NE"))*$F$22),"") | AC22: =IFERROR(SUM(AC23:AC26)/(SUMPRODUCT(($F$23:$F$26)*(AB23:AB26<>"")*(AB23:AB26<>"NE"))*$F$22),"") | AF22: =IFERROR(SUM(AF23:AF26)/(SUMPRODUCT(($F$23:$F$26)*(AE23:AE26<>"")*(AE23:AE26<>"NE"))*$F$22),"") | AI22: =IFERROR(SUM(AI23:AI26)/(SUMPRODUCT(($F$23:$F$26)*(AH23:AH26<>"")*(AH23:AH26<>"NE"))*$F$22),"") | AL22: =IFERROR(SUM(AL23:AL26)/(SUMPRODUCT(($F$23:$F$26)*(AK23:AK26<>"")*(AK23:AK26<>"NE"))*$F$22),"") | AO22: =IFERROR(SUM(AO23:AO26)/(SUMPRODUCT(($F$23:$F$26)*(AN23:AN26<>"")*(AN23:AN26<>"NE"))*$F$22),"") | AR22: =IFERROR(SUM(AR23:AR26)/(SUMPRODUCT(($F$23:$F$26)*(AQ23:AQ26<>"")*(AQ23:AQ26<>"NE"))*$F$22),"") | AU22: =IFERROR(SUM(AU23:AU26)/(SUMPRODUCT(($F$23:$F$26)*(AT23:AT26<>"")*(AT23:AT26<>"NE"))*$F$22),"") | AX22: =IFERROR(SUM(AX23:AX26)/(SUMPRODUCT(($F$23:$F$26)*(AW23:AW26<>"")*(AW23:AW26<>"NE"))*$F$22),"") | BA22: =IFERROR(SUM(BA23:BA26)/(SUMPRODUCT(($F$23:$F$26)*(AZ23:AZ26<>"")*(AZ23:AZ26<>"NE"))*$F$22),"") | BD22: =IFERROR(SUM(BD23:BD26)/(SUMPRODUCT(($F$23:$F$26)*(BC23:BC26<>"")*(BC23:BC26<>"NE"))*$F$22),"") | BG22: =IFERROR(SUM(BG23:BG26)/(SUMPRODUCT(($F$23:$F$26)*(BF23:BF26<>"")*(BF23:BF26<>"NE"))*$F$22),"") | BJ22: =IFERROR(SUM(BJ23:BJ26)/(SUMPRODUCT(($F$23:$F$26)*(BI23:BI26<>"")*(BI23:BI26<>"NE"))*$F$22),"") | BM22: =IFERROR(SUM(BM23:BM26)/(SUMPRODUCT(($F$23:$F$26)*(BL23:BL26<>"")*(BL23:BL26<>"NE"))*$F$22),"") | BP22: =IFERROR(SUM(BP23:BP26)/(SUMPRODUCT(($F$23:$F$26)*(BO23:BO26<>"")*(BO23:BO26<>"NE"))*$F$22),"") | BS22: =IFERROR(SUM(BS23:BS26)/(SUMPRODUCT(($F$23:$F$26)*(BR23:BR26<>"")*(BR23:BR26<>"NE"))*$F$22),"") | BV22: =IFERROR(SUM(BV23:BV26)/(SUMPRODUCT(($F$23:$F$26)*(BU23:BU26<>"")*(BU23:BU26<>"NE"))*$F$22),"") | BY22: =IFERROR(SUM(BY23:BY26)/(SUMPRODUCT(($F$23:$F$26)*(BX23:BX26<>"")*(BX23:BX26<>"NE"))*$F$22),"") | CB22: =IFERROR(SUM(CB23:CB26)/(SUMPRODUCT(($F$23:$F$26)*(CA23:CA26<>"")*(CA23:CA26<>"NE"))*$F$22),"") | CE22: =IFERROR(SUM(CE23:CE26)/(SUMPRODUCT(($F$23:$F$26)*(CD23:CD26<>"")*(CD23:CD26<>"NE"))*$F$22),"") | CH22: =IFERROR(SUM(CH23:CH26)/(SUMPRODUCT(($F$23:$F$26)*(CG23:CG26<>"")*(CG23:CG26<>"NE"))*$F$22),"") | CK22: =IFERROR(SUM(CK23:CK26)/(SUMPRODUCT(($F$23:$F$26)*(CJ23:CJ26<>"")*(CJ23:CJ26<>"NE"))*$F$22),"") | CN22: =IFERROR(SUM(CN23:CN26)/(SUMPRODUCT(($F$23:$F$26)*(CM23:CM26<>"")*(CM23:CM26<>"NE"))*$F$22),"") | CQ22: =IFERROR(SUM(CQ23:CQ26)/(SUMPRODUCT(($F$23:$F$26)*(CP23:CP26<>"")*(CP23:CP26<>"NE"))*$F$22),"")
A23: 16 | B23: P3 | C23: Q3.1 | D23: Critère | E23: Masque 255.255.0.0 → (256 × 256) − 2 = 65 534 adresses possibles. | F23: 0.25 | H23: =IF(G23="","",IF(G23="NE","",(IFERROR(IF(ISNUMBER(G23),G23,VALUE(G23)),0)/2)*$F23*$F$22*20)) | I23: =IF(G23="","◄",IF(G23="NE","~","")) | K23: =IF(J23="","",IF(J23="NE","",(IFERROR(IF(ISNUMBER(J23),J23,VALUE(J23)),0)/2)*$F23*$F$22*20)) | L23: =IF(J23="","◄",IF(J23="NE","~","")) | N23: =IF(M23="","",IF(M23="NE","",(IFERROR(IF(ISNUMBER(M23),M23,VALUE(M23)),0)/2)*$F23*$F$22*20)) | O23: =IF(M23="","◄",IF(M23="NE","~","")) | Q23: =IF(P23="","",IF(P23="NE","",(IFERROR(IF(ISNUMBER(P23),P23,VALUE(P23)),0)/2)*$F23*$F$22*20)) | R23: =IF(P23="","◄",IF(P23="NE","~","")) | T23: =IF(S23="","",IF(S23="NE","",(IFERROR(IF(ISNUMBER(S23),S23,VALUE(S23)),0)/2)*$F23*$F$22*20)) | U23: =IF(S23="","◄",IF(S23="NE","~","")) | W23: =IF(V23="","",IF(V23="NE","",(IFERROR(IF(ISNUMBER(V23),V23,VALUE(V23)),0)/2)*$F23*$F$22*20)) | X23: =IF(V23="","◄",IF(V23="NE","~","")) | Z23: =IF(Y23="","",IF(Y23="NE","",(IFERROR(IF(ISNUMBER(Y23),Y23,VALUE(Y23)),0)/2)*$F23*$F$22*20)) | AA23: =IF(Y23="","◄",IF(Y23="NE","~","")) | AC23: =IF(AB23="","",IF(AB23="NE","",(IFERROR(IF(ISNUMBER(AB23),AB23,VALUE(AB23)),0)/2)*$F23*$F$22*20)) | AD23: =IF(AB23="","◄",IF(AB23="NE","~","")) | AF23: =IF(AE23="","",IF(AE23="NE","",(IFERROR(IF(ISNUMBER(AE23),AE23,VALUE(AE23)),0)/2)*$F23*$F$22*20)) | AG23: =IF(AE23="","◄",IF(AE23="NE","~","")) | AI23: =IF(AH23="","",IF(AH23="NE","",(IFERROR(IF(ISNUMBER(AH23),AH23,VALUE(AH23)),0)/2)*$F23*$F$22*20)) | AJ23: =IF(AH23="","◄",IF(AH23="NE","~","")) | AL23: =IF(AK23="","",IF(AK23="NE","",(IFERROR(IF(ISNUMBER(AK23),AK23,VALUE(AK23)),0)/2)*$F23*$F$22*20)) | AM23: =IF(AK23="","◄",IF(AK23="NE","~","")) | AO23: =IF(AN23="","",IF(AN23="NE","",(IFERROR(IF(ISNUMBER(AN23),AN23,VALUE(AN23)),0)/2)*$F23*$F$22*20)) | AP23: =IF(AN23="","◄",IF(AN23="NE","~","")) | AR23: =IF(AQ23="","",IF(AQ23="NE","",(IFERROR(IF(ISNUMBER(AQ23),AQ23,VALUE(AQ23)),0)/2)*$F23*$F$22*20)) | AS23: =IF(AQ23="","◄",IF(AQ23="NE","~","")) | AU23: =IF(AT23="","",IF(AT23="NE","",(IFERROR(IF(ISNUMBER(AT23),AT23,VALUE(AT23)),0)/2)*$F23*$F$22*20)) | AV23: =IF(AT23="","◄",IF(AT23="NE","~","")) | AX23: =IF(AW23="","",IF(AW23="NE","",(IFERROR(IF(ISNUMBER(AW23),AW23,VALUE(AW23)),0)/2)*$F23*$F$22*20)) | AY23: =IF(AW23="","◄",IF(AW23="NE","~","")) | BA23: =IF(AZ23="","",IF(AZ23="NE","",(IFERROR(IF(ISNUMBER(AZ23),AZ23,VALUE(AZ23)),0)/2)*$F23*$F$22*20)) | BB23: =IF(AZ23="","◄",IF(AZ23="NE","~","")) | BD23: =IF(BC23="","",IF(BC23="NE","",(IFERROR(IF(ISNUMBER(BC23),BC23,VALUE(BC23)),0)/2)*$F23*$F$22*20)) | BE23: =IF(BC23="","◄",IF(BC23="NE","~","")) | BG23: =IF(BF23="","",IF(BF23="NE","",(IFERROR(IF(ISNUMBER(BF23),BF23,VALUE(BF23)),0)/2)*$F23*$F$22*20)) | BH23: =IF(BF23="","◄",IF(BF23="NE","~","")) | BJ23: =IF(BI23="","",IF(BI23="NE","",(IFERROR(IF(ISNUMBER(BI23),BI23,VALUE(BI23)),0)/2)*$F23*$F$22*20)) | BK23: =IF(BI23="","◄",IF(BI23="NE","~","")) | BM23: =IF(BL23="","",IF(BL23="NE","",(IFERROR(IF(ISNUMBER(BL23),BL23,VALUE(BL23)),0)/2)*$F23*$F$22*20)) | BN23: =IF(BL23="","◄",IF(BL23="NE","~","")) | BP23: =IF(BO23="","",IF(BO23="NE","",(IFERROR(IF(ISNUMBER(BO23),BO23,VALUE(BO23)),0)/2)*$F23*$F$22*20)) | BQ23: =IF(BO23="","◄",IF(BO23="NE","~","")) | BS23: =IF(BR23="","",IF(BR23="NE","",(IFERROR(IF(ISNUMBER(BR23),BR23,VALUE(BR23)),0)/2)*$F23*$F$22*20)) | BT23: =IF(BR23="","◄",IF(BR23="NE","~","")) | BV23: =IF(BU23="","",IF(BU23="NE","",(IFERROR(IF(ISNUMBER(BU23),BU23,VALUE(BU23)),0)/2)*$F23*$F$22*20)) | BW23: =IF(BU23="","◄",IF(BU23="NE","~","")) | BY23: =IF(BX23="","",IF(BX23="NE","",(IFERROR(IF(ISNUMBER(BX23),BX23,VALUE(BX23)),0)/2)*$F23*$F$22*20)) | BZ23: =IF(BX23="","◄",IF(BX23="NE","~","")) | CB23: =IF(CA23="","",IF(CA23="NE","",(IFERROR(IF(ISNUMBER(CA23),CA23,VALUE(CA23)),0)/2)*$F23*$F$22*20)) | CC23: =IF(CA23="","◄",IF(CA23="NE","~","")) | CE23: =IF(CD23="","",IF(CD23="NE","",(IFERROR(IF(ISNUMBER(CD23),CD23,VALUE(CD23)),0)/2)*$F23*$F$22*20)) | CF23: =IF(CD23="","◄",IF(CD23="NE","~","")) | CH23: =IF(CG23="","",IF(CG23="NE","",(IFERROR(IF(ISNUMBER(CG23),CG23,VALUE(CG23)),0)/2)*$F23*$F$22*20)) | CI23: =IF(CG23="","◄",IF(CG23="NE","~","")) | CK23: =IF(CJ23="","",IF(CJ23="NE","",(IFERROR(IF(ISNUMBER(CJ23),CJ23,VALUE(CJ23)),0)/2)*$F23*$F$22*20)) | CL23: =IF(CJ23="","◄",IF(CJ23="NE","~","")) | CN23: =IF(CM23="","",IF(CM23="NE","",(IFERROR(IF(ISNUMBER(CM23),CM23,VALUE(CM23)),0)/2)*$F23*$F$22*20)) | CO23: =IF(CM23="","◄",IF(CM23="NE","~","")) | CQ23: =IF(CP23="","",IF(CP23="NE","",(IFERROR(IF(ISNUMBER(CP23),CP23,VALUE(CP23)),0)/2)*$F23*$F$22*20)) | CR23: =IF(CP23="","◄",IF(CP23="NE","~",""))
A24: 17 | B24: P3 | C24: Q3.1 | D24: Critère | E24: Conversion binaire 10101100.00010000.00110010.11001000 → 172.16.50.200. | F24: 0.25 | H24: =IF(G24="","",IF(G24="NE","",(IFERROR(IF(ISNUMBER(G24),G24,VALUE(G24)),0)/2)*$F24*$F$22*20)) | I24: =IF(G24="","◄",IF(G24="NE","~","")) | K24: =IF(J24="","",IF(J24="NE","",(IFERROR(IF(ISNUMBER(J24),J24,VALUE(J24)),0)/2)*$F24*$F$22*20)) | L24: =IF(J24="","◄",IF(J24="NE","~","")) | N24: =IF(M24="","",IF(M24="NE","",(IFERROR(IF(ISNUMBER(M24),M24,VALUE(M24)),0)/2)*$F24*$F$22*20)) | O24: =IF(M24="","◄",IF(M24="NE","~","")) | Q24: =IF(P24="","",IF(P24="NE","",(IFERROR(IF(ISNUMBER(P24),P24,VALUE(P24)),0)/2)*$F24*$F$22*20)) | R24: =IF(P24="","◄",IF(P24="NE","~","")) | T24: =IF(S24="","",IF(S24="NE","",(IFERROR(IF(ISNUMBER(S24),S24,VALUE(S24)),0)/2)*$F24*$F$22*20)) | U24: =IF(S24="","◄",IF(S24="NE","~","")) | W24: =IF(V24="","",IF(V24="NE","",(IFERROR(IF(ISNUMBER(V24),V24,VALUE(V24)),0)/2)*$F24*$F$22*20)) | X24: =IF(V24="","◄",IF(V24="NE","~","")) | Z24: =IF(Y24="","",IF(Y24="NE","",(IFERROR(IF(ISNUMBER(Y24),Y24,VALUE(Y24)),0)/2)*$F24*$F$22*20)) | AA24: =IF(Y24="","◄",IF(Y24="NE","~","")) | AC24: =IF(AB24="","",IF(AB24="NE","",(IFERROR(IF(ISNUMBER(AB24),AB24,VALUE(AB24)),0)/2)*$F24*$F$22*20)) | AD24: =IF(AB24="","◄",IF(AB24="NE","~","")) | AF24: =IF(AE24="","",IF(AE24="NE","",(IFERROR(IF(ISNUMBER(AE24),AE24,VALUE(AE24)),0)/2)*$F24*$F$22*20)) | AG24: =IF(AE24="","◄",IF(AE24="NE","~","")) | AI24: =IF(AH24="","",IF(AH24="NE","",(IFERROR(IF(ISNUMBER(AH24),AH24,VALUE(AH24)),0)/2)*$F24*$F$22*20)) | AJ24: =IF(AH24="","◄",IF(AH24="NE","~","")) | AL24: =IF(AK24="","",IF(AK24="NE","",(IFERROR(IF(ISNUMBER(AK24),AK24,VALUE(AK24)),0)/2)*$F24*$F$22*20)) | AM24: =IF(AK24="","◄",IF(AK24="NE","~","")) | AO24: =IF(AN24="","",IF(AN24="NE","",(IFERROR(IF(ISNUMBER(AN24),AN24,VALUE(AN24)),0)/2)*$F24*$F$22*20)) | AP24: =IF(AN24="","◄",IF(AN24="NE","~","")) | AR24: =IF(AQ24="","",IF(AQ24="NE","",(IFERROR(IF(ISNUMBER(AQ24),AQ24,VALUE(AQ24)),0)/2)*$F24*$F$22*20)) | AS24: =IF(AQ24="","◄",IF(AQ24="NE","~","")) | AU24: =IF(AT24="","",IF(AT24="NE","",(IFERROR(IF(ISNUMBER(AT24),AT24,VALUE(AT24)),0)/2)*$F24*$F$22*20)) | AV24: =IF(AT24="","◄",IF(AT24="NE","~","")) | AX24: =IF(AW24="","",IF(AW24="NE","",(IFERROR(IF(ISNUMBER(AW24),AW24,VALUE(AW24)),0)/2)*$F24*$F$22*20)) | AY24: =IF(AW24="","◄",IF(AW24="NE","~","")) | BA24: =IF(AZ24="","",IF(AZ24="NE","",(IFERROR(IF(ISNUMBER(AZ24),AZ24,VALUE(AZ24)),0)/2)*$F24*$F$22*20)) | BB24: =IF(AZ24="","◄",IF(AZ24="NE","~","")) | BD24: =IF(BC24="","",IF(BC24="NE","",(IFERROR(IF(ISNUMBER(BC24),BC24,VALUE(BC24)),0)/2)*$F24*$F$22*20)) | BE24: =IF(BC24="","◄",IF(BC24="NE","~","")) | BG24: =IF(BF24="","",IF(BF24="NE","",(IFERROR(IF(ISNUMBER(BF24),BF24,VALUE(BF24)),0)/2)*$F24*$F$22*20)) | BH24: =IF(BF24="","◄",IF(BF24="NE","~","")) | BJ24: =IF(BI24="","",IF(BI24="NE","",(IFERROR(IF(ISNUMBER(BI24),BI24,VALUE(BI24)),0)/2)*$F24*$F$22*20)) | BK24: =IF(BI24="","◄",IF(BI24="NE","~","")) | BM24: =IF(BL24="","",IF(BL24="NE","",(IFERROR(IF(ISNUMBER(BL24),BL24,VALUE(BL24)),0)/2)*$F24*$F$22*20)) | BN24: =IF(BL24="","◄",IF(BL24="NE","~","")) | BP24: =IF(BO24="","",IF(BO24="NE","",(IFERROR(IF(ISNUMBER(BO24),BO24,VALUE(BO24)),0)/2)*$F24*$F$22*20)) | BQ24: =IF(BO24="","◄",IF(BO24="NE","~","")) | BS24: =IF(BR24="","",IF(BR24="NE","",(IFERROR(IF(ISNUMBER(BR24),BR24,VALUE(BR24)),0)/2)*$F24*$F$22*20)) | BT24: =IF(BR24="","◄",IF(BR24="NE","~","")) | BV24: =IF(BU24="","",IF(BU24="NE","",(IFERROR(IF(ISNUMBER(BU24),BU24,VALUE(BU24)),0)/2)*$F24*$F$22*20)) | BW24: =IF(BU24="","◄",IF(BU24="NE","~","")) | BY24: =IF(BX24="","",IF(BX24="NE","",(IFERROR(IF(ISNUMBER(BX24),BX24,VALUE(BX24)),0)/2)*$F24*$F$22*20)) | BZ24: =IF(BX24="","◄",IF(BX24="NE","~","")) | CB24: =IF(CA24="","",IF(CA24="NE","",(IFERROR(IF(ISNUMBER(CA24),CA24,VALUE(CA24)),0)/2)*$F24*$F$22*20)) | CC24: =IF(CA24="","◄",IF(CA24="NE","~","")) | CE24: =IF(CD24="","",IF(CD24="NE","",(IFERROR(IF(ISNUMBER(CD24),CD24,VALUE(CD24)),0)/2)*$F24*$F$22*20)) | CF24: =IF(CD24="","◄",IF(CD24="NE","~","")) | CH24: =IF(CG24="","",IF(CG24="NE","",(IFERROR(IF(ISNUMBER(CG24),CG24,VALUE(CG24)),0)/2)*$F24*$F$22*20)) | CI24: =IF(CG24="","◄",IF(CG24="NE","~","")) | CK24: =IF(CJ24="","",IF(CJ24="NE","",(IFERROR(IF(ISNUMBER(CJ24),CJ24,VALUE(CJ24)),0)/2)*$F24*$F$22*20)) | CL24: =IF(CJ24="","◄",IF(CJ24="NE","~","")) | CN24: =IF(CM24="","",IF(CM24="NE","",(IFERROR(IF(ISNUMBER(CM24),CM24,VALUE(CM24)),0)/2)*$F24*$F$22*20)) | CO24: =IF(CM24="","◄",IF(CM24="NE","~","")) | CQ24: =IF(CP24="","",IF(CP24="NE","",(IFERROR(IF(ISNUMBER(CP24),CP24,VALUE(CP24)),0)/2)*$F24*$F$22*20)) | CR24: =IF(CP24="","◄",IF(CP24="NE","~",""))
A25: 18 | B25: P3 | C25: Q3.2 | D25: Critère | E25: Adresse IP proposée compatible et disponible (dans la plage réservée WiFi). | F25: 0.25 | H25: =IF(G25="","",IF(G25="NE","",(IFERROR(IF(ISNUMBER(G25),G25,VALUE(G25)),0)/2)*$F25*$F$22*20)) | I25: =IF(G25="","◄",IF(G25="NE","~","")) | K25: =IF(J25="","",IF(J25="NE","",(IFERROR(IF(ISNUMBER(J25),J25,VALUE(J25)),0)/2)*$F25*$F$22*20)) | L25: =IF(J25="","◄",IF(J25="NE","~","")) | N25: =IF(M25="","",IF(M25="NE","",(IFERROR(IF(ISNUMBER(M25),M25,VALUE(M25)),0)/2)*$F25*$F$22*20)) | O25: =IF(M25="","◄",IF(M25="NE","~","")) | Q25: =IF(P25="","",IF(P25="NE","",(IFERROR(IF(ISNUMBER(P25),P25,VALUE(P25)),0)/2)*$F25*$F$22*20)) | R25: =IF(P25="","◄",IF(P25="NE","~","")) | T25: =IF(S25="","",IF(S25="NE","",(IFERROR(IF(ISNUMBER(S25),S25,VALUE(S25)),0)/2)*$F25*$F$22*20)) | U25: =IF(S25="","◄",IF(S25="NE","~","")) | W25: =IF(V25="","",IF(V25="NE","",(IFERROR(IF(ISNUMBER(V25),V25,VALUE(V25)),0)/2)*$F25*$F$22*20)) | X25: =IF(V25="","◄",IF(V25="NE","~","")) | Z25: =IF(Y25="","",IF(Y25="NE","",(IFERROR(IF(ISNUMBER(Y25),Y25,VALUE(Y25)),0)/2)*$F25*$F$22*20)) | AA25: =IF(Y25="","◄",IF(Y25="NE","~","")) | AC25: =IF(AB25="","",IF(AB25="NE","",(IFERROR(IF(ISNUMBER(AB25),AB25,VALUE(AB25)),0)/2)*$F25*$F$22*20)) | AD25: =IF(AB25="","◄",IF(AB25="NE","~","")) | AF25: =IF(AE25="","",IF(AE25="NE","",(IFERROR(IF(ISNUMBER(AE25),AE25,VALUE(AE25)),0)/2)*$F25*$F$22*20)) | AG25: =IF(AE25="","◄",IF(AE25="NE","~","")) | AI25: =IF(AH25="","",IF(AH25="NE","",(IFERROR(IF(ISNUMBER(AH25),AH25,VALUE(AH25)),0)/2)*$F25*$F$22*20)) | AJ25: =IF(AH25="","◄",IF(AH25="NE","~","")) | AL25: =IF(AK25="","",IF(AK25="NE","",(IFERROR(IF(ISNUMBER(AK25),AK25,VALUE(AK25)),0)/2)*$F25*$F$22*20)) | AM25: =IF(AK25="","◄",IF(AK25="NE","~","")) | AO25: =IF(AN25="","",IF(AN25="NE","",(IFERROR(IF(ISNUMBER(AN25),AN25,VALUE(AN25)),0)/2)*$F25*$F$22*20)) | AP25: =IF(AN25="","◄",IF(AN25="NE","~","")) | AR25: =IF(AQ25="","",IF(AQ25="NE","",(IFERROR(IF(ISNUMBER(AQ25),AQ25,VALUE(AQ25)),0)/2)*$F25*$F$22*20)) | AS25: =IF(AQ25="","◄",IF(AQ25="NE","~","")) | AU25: =IF(AT25="","",IF(AT25="NE","",(IFERROR(IF(ISNUMBER(AT25),AT25,VALUE(AT25)),0)/2)*$F25*$F$22*20)) | AV25: =IF(AT25="","◄",IF(AT25="NE","~","")) | AX25: =IF(AW25="","",IF(AW25="NE","",(IFERROR(IF(ISNUMBER(AW25),AW25,VALUE(AW25)),0)/2)*$F25*$F$22*20)) | AY25: =IF(AW25="","◄",IF(AW25="NE","~","")) | BA25: =IF(AZ25="","",IF(AZ25="NE","",(IFERROR(IF(ISNUMBER(AZ25),AZ25,VALUE(AZ25)),0)/2)*$F25*$F$22*20)) | BB25: =IF(AZ25="","◄",IF(AZ25="NE","~","")) | BD25: =IF(BC25="","",IF(BC25="NE","",(IFERROR(IF(ISNUMBER(BC25),BC25,VALUE(BC25)),0)/2)*$F25*$F$22*20)) | BE25: =IF(BC25="","◄",IF(BC25="NE","~","")) | BG25: =IF(BF25="","",IF(BF25="NE","",(IFERROR(IF(ISNUMBER(BF25),BF25,VALUE(BF25)),0)/2)*$F25*$F$22*20)) | BH25: =IF(BF25="","◄",IF(BF25="NE","~","")) | BJ25: =IF(BI25="","",IF(BI25="NE","",(IFERROR(IF(ISNUMBER(BI25),BI25,VALUE(BI25)),0)/2)*$F25*$F$22*20)) | BK25: =IF(BI25="","◄",IF(BI25="NE","~","")) | BM25: =IF(BL25="","",IF(BL25="NE","",(IFERROR(IF(ISNUMBER(BL25),BL25,VALUE(BL25)),0)/2)*$F25*$F$22*20)) | BN25: =IF(BL25="","◄",IF(BL25="NE","~","")) | BP25: =IF(BO25="","",IF(BO25="NE","",(IFERROR(IF(ISNUMBER(BO25),BO25,VALUE(BO25)),0)/2)*$F25*$F$22*20)) | BQ25: =IF(BO25="","◄",IF(BO25="NE","~","")) | BS25: =IF(BR25="","",IF(BR25="NE","",(IFERROR(IF(ISNUMBER(BR25),BR25,VALUE(BR25)),0)/2)*$F25*$F$22*20)) | BT25: =IF(BR25="","◄",IF(BR25="NE","~","")) | BV25: =IF(BU25="","",IF(BU25="NE","",(IFERROR(IF(ISNUMBER(BU25),BU25,VALUE(BU25)),0)/2)*$F25*$F$22*20)) | BW25: =IF(BU25="","◄",IF(BU25="NE","~","")) | BY25: =IF(BX25="","",IF(BX25="NE","",(IFERROR(IF(ISNUMBER(BX25),BX25,VALUE(BX25)),0)/2)*$F25*$F$22*20)) | BZ25: =IF(BX25="","◄",IF(BX25="NE","~","")) | CB25: =IF(CA25="","",IF(CA25="NE","",(IFERROR(IF(ISNUMBER(CA25),CA25,VALUE(CA25)),0)/2)*$F25*$F$22*20)) | CC25: =IF(CA25="","◄",IF(CA25="NE","~","")) | CE25: =IF(CD25="","",IF(CD25="NE","",(IFERROR(IF(ISNUMBER(CD25),CD25,VALUE(CD25)),0)/2)*$F25*$F$22*20)) | CF25: =IF(CD25="","◄",IF(CD25="NE","~","")) | CH25: =IF(CG25="","",IF(CG25="NE","",(IFERROR(IF(ISNUMBER(CG25),CG25,VALUE(CG25)),0)/2)*$F25*$F$22*20)) | CI25: =IF(CG25="","◄",IF(CG25="NE","~","")) | CK25: =IF(CJ25="","",IF(CJ25="NE","",(IFERROR(IF(ISNUMBER(CJ25),CJ25,VALUE(CJ25)),0)/2)*$F25*$F$22*20)) | CL25: =IF(CJ25="","◄",IF(CJ25="NE","~","")) | CN25: =IF(CM25="","",IF(CM25="NE","",(IFERROR(IF(ISNUMBER(CM25),CM25,VALUE(CM25)),0)/2)*$F25*$F$22*20)) | CO25: =IF(CM25="","◄",IF(CM25="NE","~","")) | CQ25: =IF(CP25="","",IF(CP25="NE","",(IFERROR(IF(ISNUMBER(CP25),CP25,VALUE(CP25)),0)/2)*$F25*$F$22*20)) | CR25: =IF(CP25="","◄",IF(CP25="NE","~",""))
A26: 19 | B26: P3 | C26: Q3.3 | D26: Critère | E26: Protection des personnes : détecteurs multigaz + surveillance temps réel des expositions aux gaz nocifs. | F26: 0.25 | H26: =IF(G26="","",IF(G26="NE","",(IFERROR(IF(ISNUMBER(G26),G26,VALUE(G26)),0)/2)*$F26*$F$22*20)) | I26: =IF(G26="","◄",IF(G26="NE","~","")) | K26: =IF(J26="","",IF(J26="NE","",(IFERROR(IF(ISNUMBER(J26),J26,VALUE(J26)),0)/2)*$F26*$F$22*20)) | L26: =IF(J26="","◄",IF(J26="NE","~","")) | N26: =IF(M26="","",IF(M26="NE","",(IFERROR(IF(ISNUMBER(M26),M26,VALUE(M26)),0)/2)*$F26*$F$22*20)) | O26: =IF(M26="","◄",IF(M26="NE","~","")) | Q26: =IF(P26="","",IF(P26="NE","",(IFERROR(IF(ISNUMBER(P26),P26,VALUE(P26)),0)/2)*$F26*$F$22*20)) | R26: =IF(P26="","◄",IF(P26="NE","~","")) | T26: =IF(S26="","",IF(S26="NE","",(IFERROR(IF(ISNUMBER(S26),S26,VALUE(S26)),0)/2)*$F26*$F$22*20)) | U26: =IF(S26="","◄",IF(S26="NE","~","")) | W26: =IF(V26="","",IF(V26="NE","",(IFERROR(IF(ISNUMBER(V26),V26,VALUE(V26)),0)/2)*$F26*$F$22*20)) | X26: =IF(V26="","◄",IF(V26="NE","~","")) | Z26: =IF(Y26="","",IF(Y26="NE","",(IFERROR(IF(ISNUMBER(Y26),Y26,VALUE(Y26)),0)/2)*$F26*$F$22*20)) | AA26: =IF(Y26="","◄",IF(Y26="NE","~","")) | AC26: =IF(AB26="","",IF(AB26="NE","",(IFERROR(IF(ISNUMBER(AB26),AB26,VALUE(AB26)),0)/2)*$F26*$F$22*20)) | AD26: =IF(AB26="","◄",IF(AB26="NE","~","")) | AF26: =IF(AE26="","",IF(AE26="NE","",(IFERROR(IF(ISNUMBER(AE26),AE26,VALUE(AE26)),0)/2)*$F26*$F$22*20)) | AG26: =IF(AE26="","◄",IF(AE26="NE","~","")) | AI26: =IF(AH26="","",IF(AH26="NE","",(IFERROR(IF(ISNUMBER(AH26),AH26,VALUE(AH26)),0)/2)*$F26*$F$22*20)) | AJ26: =IF(AH26="","◄",IF(AH26="NE","~","")) | AL26: =IF(AK26="","",IF(AK26="NE","",(IFERROR(IF(ISNUMBER(AK26),AK26,VALUE(AK26)),0)/2)*$F26*$F$22*20)) | AM26: =IF(AK26="","◄",IF(AK26="NE","~","")) | AO26: =IF(AN26="","",IF(AN26="NE","",(IFERROR(IF(ISNUMBER(AN26),AN26,VALUE(AN26)),0)/2)*$F26*$F$22*20)) | AP26: =IF(AN26="","◄",IF(AN26="NE","~","")) | AR26: =IF(AQ26="","",IF(AQ26="NE","",(IFERROR(IF(ISNUMBER(AQ26),AQ26,VALUE(AQ26)),0)/2)*$F26*$F$22*20)) | AS26: =IF(AQ26="","◄",IF(AQ26="NE","~","")) | AU26: =IF(AT26="","",IF(AT26="NE","",(IFERROR(IF(ISNUMBER(AT26),AT26,VALUE(AT26)),0)/2)*$F26*$F$22*20)) | AV26: =IF(AT26="","◄",IF(AT26="NE","~","")) | AX26: =IF(AW26="","",IF(AW26="NE","",(IFERROR(IF(ISNUMBER(AW26),AW26,VALUE(AW26)),0)/2)*$F26*$F$22*20)) | AY26: =IF(AW26="","◄",IF(AW26="NE","~","")) | BA26: =IF(AZ26="","",IF(AZ26="NE","",(IFERROR(IF(ISNUMBER(AZ26),AZ26,VALUE(AZ26)),0)/2)*$F26*$F$22*20)) | BB26: =IF(AZ26="","◄",IF(AZ26="NE","~","")) | BD26: =IF(BC26="","",IF(BC26="NE","",(IFERROR(IF(ISNUMBER(BC26),BC26,VALUE(BC26)),0)/2)*$F26*$F$22*20)) | BE26: =IF(BC26="","◄",IF(BC26="NE","~","")) | BG26: =IF(BF26="","",IF(BF26="NE","",(IFERROR(IF(ISNUMBER(BF26),BF26,VALUE(BF26)),0)/2)*$F26*$F$22*20)) | BH26: =IF(BF26="","◄",IF(BF26="NE","~","")) | BJ26: =IF(BI26="","",IF(BI26="NE","",(IFERROR(IF(ISNUMBER(BI26),BI26,VALUE(BI26)),0)/2)*$F26*$F$22*20)) | BK26: =IF(BI26="","◄",IF(BI26="NE","~","")) | BM26: =IF(BL26="","",IF(BL26="NE","",(IFERROR(IF(ISNUMBER(BL26),BL26,VALUE(BL26)),0)/2)*$F26*$F$22*20)) | BN26: =IF(BL26="","◄",IF(BL26="NE","~","")) | BP26: =IF(BO26="","",IF(BO26="NE","",(IFERROR(IF(ISNUMBER(BO26),BO26,VALUE(BO26)),0)/2)*$F26*$F$22*20)) | BQ26: =IF(BO26="","◄",IF(BO26="NE","~","")) | BS26: =IF(BR26="","",IF(BR26="NE","",(IFERROR(IF(ISNUMBER(BR26),BR26,VALUE(BR26)),0)/2)*$F26*$F$22*20)) | BT26: =IF(BR26="","◄",IF(BR26="NE","~","")) | BV26: =IF(BU26="","",IF(BU26="NE","",(IFERROR(IF(ISNUMBER(BU26),BU26,VALUE(BU26)),0)/2)*$F26*$F$22*20)) | BW26: =IF(BU26="","◄",IF(BU26="NE","~","")) | BY26: =IF(BX26="","",IF(BX26="NE","",(IFERROR(IF(ISNUMBER(BX26),BX26,VALUE(BX26)),0)/2)*$F26*$F$22*20)) | BZ26: =IF(BX26="","◄",IF(BX26="NE","~","")) | CB26: =IF(CA26="","",IF(CA26="NE","",(IFERROR(IF(ISNUMBER(CA26),CA26,VALUE(CA26)),0)/2)*$F26*$F$22*20)) | CC26: =IF(CA26="","◄",IF(CA26="NE","~","")) | CE26: =IF(CD26="","",IF(CD26="NE","",(IFERROR(IF(ISNUMBER(CD26),CD26,VALUE(CD26)),0)/2)*$F26*$F$22*20)) | CF26: =IF(CD26="","◄",IF(CD26="NE","~","")) | CH26: =IF(CG26="","",IF(CG26="NE","",(IFERROR(IF(ISNUMBER(CG26),CG26,VALUE(CG26)),0)/2)*$F26*$F$22*20)) | CI26: =IF(CG26="","◄",IF(CG26="NE","~","")) | CK26: =IF(CJ26="","",IF(CJ26="NE","",(IFERROR(IF(ISNUMBER(CJ26),CJ26,VALUE(CJ26)),0)/2)*$F26*$F$22*20)) | CL26: =IF(CJ26="","◄",IF(CJ26="NE","~","")) | CN26: =IF(CM26="","",IF(CM26="NE","",(IFERROR(IF(ISNUMBER(CM26),CM26,VALUE(CM26)),0)/2)*$F26*$F$22*20)) | CO26: =IF(CM26="","◄",IF(CM26="NE","~","")) | CQ26: =IF(CP26="","",IF(CP26="NE","",(IFERROR(IF(ISNUMBER(CP26),CP26,VALUE(CP26)),0)/2)*$F26*$F$22*20)) | CR26: =IF(CP26="","◄",IF(CP26="NE","~",""))
B27: P4 | D27: Partie | E27: Comment justifier l'utilisation d'un séparateur de boues biologiques ? | F27: 0.2 | H27: =IFERROR(SUM(H28:H34)/(SUMPRODUCT(($F$28:$F$34)*(G28:G34<>"")*(G28:G34<>"NE"))*$F$27),"") | K27: =IFERROR(SUM(K28:K34)/(SUMPRODUCT(($F$28:$F$34)*(J28:J34<>"")*(J28:J34<>"NE"))*$F$27),"") | N27: =IFERROR(SUM(N28:N34)/(SUMPRODUCT(($F$28:$F$34)*(M28:M34<>"")*(M28:M34<>"NE"))*$F$27),"") | Q27: =IFERROR(SUM(Q28:Q34)/(SUMPRODUCT(($F$28:$F$34)*(P28:P34<>"")*(P28:P34<>"NE"))*$F$27),"") | T27: =IFERROR(SUM(T28:T34)/(SUMPRODUCT(($F$28:$F$34)*(S28:S34<>"")*(S28:S34<>"NE"))*$F$27),"") | W27: =IFERROR(SUM(W28:W34)/(SUMPRODUCT(($F$28:$F$34)*(V28:V34<>"")*(V28:V34<>"NE"))*$F$27),"") | Z27: =IFERROR(SUM(Z28:Z34)/(SUMPRODUCT(($F$28:$F$34)*(Y28:Y34<>"")*(Y28:Y34<>"NE"))*$F$27),"") | AC27: =IFERROR(SUM(AC28:AC34)/(SUMPRODUCT(($F$28:$F$34)*(AB28:AB34<>"")*(AB28:AB34<>"NE"))*$F$27),"") | AF27: =IFERROR(SUM(AF28:AF34)/(SUMPRODUCT(($F$28:$F$34)*(AE28:AE34<>"")*(AE28:AE34<>"NE"))*$F$27),"") | AI27: =IFERROR(SUM(AI28:AI34)/(SUMPRODUCT(($F$28:$F$34)*(AH28:AH34<>"")*(AH28:AH34<>"NE"))*$F$27),"") | AL27: =IFERROR(SUM(AL28:AL34)/(SUMPRODUCT(($F$28:$F$34)*(AK28:AK34<>"")*(AK28:AK34<>"NE"))*$F$27),"") | AO27: =IFERROR(SUM(AO28:AO34)/(SUMPRODUCT(($F$28:$F$34)*(AN28:AN34<>"")*(AN28:AN34<>"NE"))*$F$27),"") | AR27: =IFERROR(SUM(AR28:AR34)/(SUMPRODUCT(($F$28:$F$34)*(AQ28:AQ34<>"")*(AQ28:AQ34<>"NE"))*$F$27),"") | AU27: =IFERROR(SUM(AU28:AU34)/(SUMPRODUCT(($F$28:$F$34)*(AT28:AT34<>"")*(AT28:AT34<>"NE"))*$F$27),"") | AX27: =IFERROR(SUM(AX28:AX34)/(SUMPRODUCT(($F$28:$F$34)*(AW28:AW34<>"")*(AW28:AW34<>"NE"))*$F$27),"") | BA27: =IFERROR(SUM(BA28:BA34)/(SUMPRODUCT(($F$28:$F$34)*(AZ28:AZ34<>"")*(AZ28:AZ34<>"NE"))*$F$27),"") | BD27: =IFERROR(SUM(BD28:BD34)/(SUMPRODUCT(($F$28:$F$34)*(BC28:BC34<>"")*(BC28:BC34<>"NE"))*$F$27),"") | BG27: =IFERROR(SUM(BG28:BG34)/(SUMPRODUCT(($F$28:$F$34)*(BF28:BF34<>"")*(BF28:BF34<>"NE"))*$F$27),"") | BJ27: =IFERROR(SUM(BJ28:BJ34)/(SUMPRODUCT(($F$28:$F$34)*(BI28:BI34<>"")*(BI28:BI34<>"NE"))*$F$27),"") | BM27: =IFERROR(SUM(BM28:BM34)/(SUMPRODUCT(($F$28:$F$34)*(BL28:BL34<>"")*(BL28:BL34<>"NE"))*$F$27),"") | BP27: =IFERROR(SUM(BP28:BP34)/(SUMPRODUCT(($F$28:$F$34)*(BO28:BO34<>"")*(BO28:BO34<>"NE"))*$F$27),"") | BS27: =IFERROR(SUM(BS28:BS34)/(SUMPRODUCT(($F$28:$F$34)*(BR28:BR34<>"")*(BR28:BR34<>"NE"))*$F$27),"") | BV27: =IFERROR(SUM(BV28:BV34)/(SUMPRODUCT(($F$28:$F$34)*(BU28:BU34<>"")*(BU28:BU34<>"NE"))*$F$27),"") | BY27: =IFERROR(SUM(BY28:BY34)/(SUMPRODUCT(($F$28:$F$34)*(BX28:BX34<>"")*(BX28:BX34<>"NE"))*$F$27),"") | CB27: =IFERROR(SUM(CB28:CB34)/(SUMPRODUCT(($F$28:$F$34)*(CA28:CA34<>"")*(CA28:CA34<>"NE"))*$F$27),"") | CE27: =IFERROR(SUM(CE28:CE34)/(SUMPRODUCT(($F$28:$F$34)*(CD28:CD34<>"")*(CD28:CD34<>"NE"))*$F$27),"") | CH27: =IFERROR(SUM(CH28:CH34)/(SUMPRODUCT(($F$28:$F$34)*(CG28:CG34<>"")*(CG28:CG34<>"NE"))*$F$27),"") | CK27: =IFERROR(SUM(CK28:CK34)/(SUMPRODUCT(($F$28:$F$34)*(CJ28:CJ34<>"")*(CJ28:CJ34<>"NE"))*$F$27),"") | CN27: =IFERROR(SUM(CN28:CN34)/(SUMPRODUCT(($F$28:$F$34)*(CM28:CM34<>"")*(CM28:CM34<>"NE"))*$F$27),"") | CQ27: =IFERROR(SUM(CQ28:CQ34)/(SUMPRODUCT(($F$28:$F$34)*(CP28:CP34<>"")*(CP28:CP34<>"NE"))*$F$27),"")
A28: 20 | B28: P4 | C28: Q4.1 | D28: Critère | E28: Flux entrant : énergie électrique. | F28: 0.15 | H28: =IF(G28="","",IF(G28="NE","",(IFERROR(IF(ISNUMBER(G28),G28,VALUE(G28)),0)/2)*$F28*$F$27*20)) | I28: =IF(G28="","◄",IF(G28="NE","~","")) | K28: =IF(J28="","",IF(J28="NE","",(IFERROR(IF(ISNUMBER(J28),J28,VALUE(J28)),0)/2)*$F28*$F$27*20)) | L28: =IF(J28="","◄",IF(J28="NE","~","")) | N28: =IF(M28="","",IF(M28="NE","",(IFERROR(IF(ISNUMBER(M28),M28,VALUE(M28)),0)/2)*$F28*$F$27*20)) | O28: =IF(M28="","◄",IF(M28="NE","~","")) | Q28: =IF(P28="","",IF(P28="NE","",(IFERROR(IF(ISNUMBER(P28),P28,VALUE(P28)),0)/2)*$F28*$F$27*20)) | R28: =IF(P28="","◄",IF(P28="NE","~","")) | T28: =IF(S28="","",IF(S28="NE","",(IFERROR(IF(ISNUMBER(S28),S28,VALUE(S28)),0)/2)*$F28*$F$27*20)) | U28: =IF(S28="","◄",IF(S28="NE","~","")) | W28: =IF(V28="","",IF(V28="NE","",(IFERROR(IF(ISNUMBER(V28),V28,VALUE(V28)),0)/2)*$F28*$F$27*20)) | X28: =IF(V28="","◄",IF(V28="NE","~","")) | Z28: =IF(Y28="","",IF(Y28="NE","",(IFERROR(IF(ISNUMBER(Y28),Y28,VALUE(Y28)),0)/2)*$F28*$F$27*20)) | AA28: =IF(Y28="","◄",IF(Y28="NE","~","")) | AC28: =IF(AB28="","",IF(AB28="NE","",(IFERROR(IF(ISNUMBER(AB28),AB28,VALUE(AB28)),0)/2)*$F28*$F$27*20)) | AD28: =IF(AB28="","◄",IF(AB28="NE","~","")) | AF28: =IF(AE28="","",IF(AE28="NE","",(IFERROR(IF(ISNUMBER(AE28),AE28,VALUE(AE28)),0)/2)*$F28*$F$27*20)) | AG28: =IF(AE28="","◄",IF(AE28="NE","~","")) | AI28: =IF(AH28="","",IF(AH28="NE","",(IFERROR(IF(ISNUMBER(AH28),AH28,VALUE(AH28)),0)/2)*$F28*$F$27*20)) | AJ28: =IF(AH28="","◄",IF(AH28="NE","~","")) | AL28: =IF(AK28="","",IF(AK28="NE","",(IFERROR(IF(ISNUMBER(AK28),AK28,VALUE(AK28)),0)/2)*$F28*$F$27*20)) | AM28: =IF(AK28="","◄",IF(AK28="NE","~","")) | AO28: =IF(AN28="","",IF(AN28="NE","",(IFERROR(IF(ISNUMBER(AN28),AN28,VALUE(AN28)),0)/2)*$F28*$F$27*20)) | AP28: =IF(AN28="","◄",IF(AN28="NE","~","")) | AR28: =IF(AQ28="","",IF(AQ28="NE","",(IFERROR(IF(ISNUMBER(AQ28),AQ28,VALUE(AQ28)),0)/2)*$F28*$F$27*20)) | AS28: =IF(AQ28="","◄",IF(AQ28="NE","~","")) | AU28: =IF(AT28="","",IF(AT28="NE","",(IFERROR(IF(ISNUMBER(AT28),AT28,VALUE(AT28)),0)/2)*$F28*$F$27*20)) | AV28: =IF(AT28="","◄",IF(AT28="NE","~","")) | AX28: =IF(AW28="","",IF(AW28="NE","",(IFERROR(IF(ISNUMBER(AW28),AW28,VALUE(AW28)),0)/2)*$F28*$F$27*20)) | AY28: =IF(AW28="","◄",IF(AW28="NE","~","")) | BA28: =IF(AZ28="","",IF(AZ28="NE","",(IFERROR(IF(ISNUMBER(AZ28),AZ28,VALUE(AZ28)),0)/2)*$F28*$F$27*20)) | BB28: =IF(AZ28="","◄",IF(AZ28="NE","~","")) | BD28: =IF(BC28="","",IF(BC28="NE","",(IFERROR(IF(ISNUMBER(BC28),BC28,VALUE(BC28)),0)/2)*$F28*$F$27*20)) | BE28: =IF(BC28="","◄",IF(BC28="NE","~","")) | BG28: =IF(BF28="","",IF(BF28="NE","",(IFERROR(IF(ISNUMBER(BF28),BF28,VALUE(BF28)),0)/2)*$F28*$F$27*20)) | BH28: =IF(BF28="","◄",IF(BF28="NE","~","")) | BJ28: =IF(BI28="","",IF(BI28="NE","",(IFERROR(IF(ISNUMBER(BI28),BI28,VALUE(BI28)),0)/2)*$F28*$F$27*20)) | BK28: =IF(BI28="","◄",IF(BI28="NE","~","")) | BM28: =IF(BL28="","",IF(BL28="NE","",(IFERROR(IF(ISNUMBER(BL28),BL28,VALUE(BL28)),0)/2)*$F28*$F$27*20)) | BN28: =IF(BL28="","◄",IF(BL28="NE","~","")) | BP28: =IF(BO28="","",IF(BO28="NE","",(IFERROR(IF(ISNUMBER(BO28),BO28,VALUE(BO28)),0)/2)*$F28*$F$27*20)) | BQ28: =IF(BO28="","◄",IF(BO28="NE","~","")) | BS28: =IF(BR28="","",IF(BR28="NE","",(IFERROR(IF(ISNUMBER(BR28),BR28,VALUE(BR28)),0)/2)*$F28*$F$27*20)) | BT28: =IF(BR28="","◄",IF(BR28="NE","~","")) | BV28: =IF(BU28="","",IF(BU28="NE","",(IFERROR(IF(ISNUMBER(BU28),BU28,VALUE(BU28)),0)/2)*$F28*$F$27*20)) | BW28: =IF(BU28="","◄",IF(BU28="NE","~","")) | BY28: =IF(BX28="","",IF(BX28="NE","",(IFERROR(IF(ISNUMBER(BX28),BX28,VALUE(BX28)),0)/2)*$F28*$F$27*20)) | BZ28: =IF(BX28="","◄",IF(BX28="NE","~","")) | CB28: =IF(CA28="","",IF(CA28="NE","",(IFERROR(IF(ISNUMBER(CA28),CA28,VALUE(CA28)),0)/2)*$F28*$F$27*20)) | CC28: =IF(CA28="","◄",IF(CA28="NE","~","")) | CE28: =IF(CD28="","",IF(CD28="NE","",(IFERROR(IF(ISNUMBER(CD28),CD28,VALUE(CD28)),0)/2)*$F28*$F$27*20)) | CF28: =IF(CD28="","◄",IF(CD28="NE","~","")) | CH28: =IF(CG28="","",IF(CG28="NE","",(IFERROR(IF(ISNUMBER(CG28),CG28,VALUE(CG28)),0)/2)*$F28*$F$27*20)) | CI28: =IF(CG28="","◄",IF(CG28="NE","~","")) | CK28: =IF(CJ28="","",IF(CJ28="NE","",(IFERROR(IF(ISNUMBER(CJ28),CJ28,VALUE(CJ28)),0)/2)*$F28*$F$27*20)) | CL28: =IF(CJ28="","◄",IF(CJ28="NE","~","")) | CN28: =IF(CM28="","",IF(CM28="NE","",(IFERROR(IF(ISNUMBER(CM28),CM28,VALUE(CM28)),0)/2)*$F28*$F$27*20)) | CO28: =IF(CM28="","◄",IF(CM28="NE","~","")) | CQ28: =IF(CP28="","",IF(CP28="NE","",(IFERROR(IF(ISNUMBER(CP28),CP28,VALUE(CP28)),0)/2)*$F28*$F$27*20)) | CR28: =IF(CP28="","◄",IF(CP28="NE","~",""))
A29: 21 | B29: P4 | C29: Q4.1 | D29: Critère | E29: Flux interne : énergie mécanique (variateur → moteur). | F29: 0.15 | H29: =IF(G29="","",IF(G29="NE","",(IFERROR(IF(ISNUMBER(G29),G29,VALUE(G29)),0)/2)*$F29*$F$27*20)) | I29: =IF(G29="","◄",IF(G29="NE","~","")) | K29: =IF(J29="","",IF(J29="NE","",(IFERROR(IF(ISNUMBER(J29),J29,VALUE(J29)),0)/2)*$F29*$F$27*20)) | L29: =IF(J29="","◄",IF(J29="NE","~","")) | N29: =IF(M29="","",IF(M29="NE","",(IFERROR(IF(ISNUMBER(M29),M29,VALUE(M29)),0)/2)*$F29*$F$27*20)) | O29: =IF(M29="","◄",IF(M29="NE","~","")) | Q29: =IF(P29="","",IF(P29="NE","",(IFERROR(IF(ISNUMBER(P29),P29,VALUE(P29)),0)/2)*$F29*$F$27*20)) | R29: =IF(P29="","◄",IF(P29="NE","~","")) | T29: =IF(S29="","",IF(S29="NE","",(IFERROR(IF(ISNUMBER(S29),S29,VALUE(S29)),0)/2)*$F29*$F$27*20)) | U29: =IF(S29="","◄",IF(S29="NE","~","")) | W29: =IF(V29="","",IF(V29="NE","",(IFERROR(IF(ISNUMBER(V29),V29,VALUE(V29)),0)/2)*$F29*$F$27*20)) | X29: =IF(V29="","◄",IF(V29="NE","~","")) | Z29: =IF(Y29="","",IF(Y29="NE","",(IFERROR(IF(ISNUMBER(Y29),Y29,VALUE(Y29)),0)/2)*$F29*$F$27*20)) | AA29: =IF(Y29="","◄",IF(Y29="NE","~","")) | AC29: =IF(AB29="","",IF(AB29="NE","",(IFERROR(IF(ISNUMBER(AB29),AB29,VALUE(AB29)),0)/2)*$F29*$F$27*20)) | AD29: =IF(AB29="","◄",IF(AB29="NE","~","")) | AF29: =IF(AE29="","",IF(AE29="NE","",(IFERROR(IF(ISNUMBER(AE29),AE29,VALUE(AE29)),0)/2)*$F29*$F$27*20)) | AG29: =IF(AE29="","◄",IF(AE29="NE","~","")) | AI29: =IF(AH29="","",IF(AH29="NE","",(IFERROR(IF(ISNUMBER(AH29),AH29,VALUE(AH29)),0)/2)*$F29*$F$27*20)) | AJ29: =IF(AH29="","◄",IF(AH29="NE","~","")) | AL29: =IF(AK29="","",IF(AK29="NE","",(IFERROR(IF(ISNUMBER(AK29),AK29,VALUE(AK29)),0)/2)*$F29*$F$27*20)) | AM29: =IF(AK29="","◄",IF(AK29="NE","~","")) | AO29: =IF(AN29="","",IF(AN29="NE","",(IFERROR(IF(ISNUMBER(AN29),AN29,VALUE(AN29)),0)/2)*$F29*$F$27*20)) | AP29: =IF(AN29="","◄",IF(AN29="NE","~","")) | AR29: =IF(AQ29="","",IF(AQ29="NE","",(IFERROR(IF(ISNUMBER(AQ29),AQ29,VALUE(AQ29)),0)/2)*$F29*$F$27*20)) | AS29: =IF(AQ29="","◄",IF(AQ29="NE","~","")) | AU29: =IF(AT29="","",IF(AT29="NE","",(IFERROR(IF(ISNUMBER(AT29),AT29,VALUE(AT29)),0)/2)*$F29*$F$27*20)) | AV29: =IF(AT29="","◄",IF(AT29="NE","~","")) | AX29: =IF(AW29="","",IF(AW29="NE","",(IFERROR(IF(ISNUMBER(AW29),AW29,VALUE(AW29)),0)/2)*$F29*$F$27*20)) | AY29: =IF(AW29="","◄",IF(AW29="NE","~","")) | BA29: =IF(AZ29="","",IF(AZ29="NE","",(IFERROR(IF(ISNUMBER(AZ29),AZ29,VALUE(AZ29)),0)/2)*$F29*$F$27*20)) | BB29: =IF(AZ29="","◄",IF(AZ29="NE","~","")) | BD29: =IF(BC29="","",IF(BC29="NE","",(IFERROR(IF(ISNUMBER(BC29),BC29,VALUE(BC29)),0)/2)*$F29*$F$27*20)) | BE29: =IF(BC29="","◄",IF(BC29="NE","~","")) | BG29: =IF(BF29="","",IF(BF29="NE","",(IFERROR(IF(ISNUMBER(BF29),BF29,VALUE(BF29)),0)/2)*$F29*$F$27*20)) | BH29: =IF(BF29="","◄",IF(BF29="NE","~","")) | BJ29: =IF(BI29="","",IF(BI29="NE","",(IFERROR(IF(ISNUMBER(BI29),BI29,VALUE(BI29)),0)/2)*$F29*$F$27*20)) | BK29: =IF(BI29="","◄",IF(BI29="NE","~","")) | BM29: =IF(BL29="","",IF(BL29="NE","",(IFERROR(IF(ISNUMBER(BL29),BL29,VALUE(BL29)),0)/2)*$F29*$F$27*20)) | BN29: =IF(BL29="","◄",IF(BL29="NE","~","")) | BP29: =IF(BO29="","",IF(BO29="NE","",(IFERROR(IF(ISNUMBER(BO29),BO29,VALUE(BO29)),0)/2)*$F29*$F$27*20)) | BQ29: =IF(BO29="","◄",IF(BO29="NE","~","")) | BS29: =IF(BR29="","",IF(BR29="NE","",(IFERROR(IF(ISNUMBER(BR29),BR29,VALUE(BR29)),0)/2)*$F29*$F$27*20)) | BT29: =IF(BR29="","◄",IF(BR29="NE","~","")) | BV29: =IF(BU29="","",IF(BU29="NE","",(IFERROR(IF(ISNUMBER(BU29),BU29,VALUE(BU29)),0)/2)*$F29*$F$27*20)) | BW29: =IF(BU29="","◄",IF(BU29="NE","~","")) | BY29: =IF(BX29="","",IF(BX29="NE","",(IFERROR(IF(ISNUMBER(BX29),BX29,VALUE(BX29)),0)/2)*$F29*$F$27*20)) | BZ29: =IF(BX29="","◄",IF(BX29="NE","~","")) | CB29: =IF(CA29="","",IF(CA29="NE","",(IFERROR(IF(ISNUMBER(CA29),CA29,VALUE(CA29)),0)/2)*$F29*$F$27*20)) | CC29: =IF(CA29="","◄",IF(CA29="NE","~","")) | CE29: =IF(CD29="","",IF(CD29="NE","",(IFERROR(IF(ISNUMBER(CD29),CD29,VALUE(CD29)),0)/2)*$F29*$F$27*20)) | CF29: =IF(CD29="","◄",IF(CD29="NE","~","")) | CH29: =IF(CG29="","",IF(CG29="NE","",(IFERROR(IF(ISNUMBER(CG29),CG29,VALUE(CG29)),0)/2)*$F29*$F$27*20)) | CI29: =IF(CG29="","◄",IF(CG29="NE","~","")) | CK29: =IF(CJ29="","",IF(CJ29="NE","",(IFERROR(IF(ISNUMBER(CJ29),CJ29,VALUE(CJ29)),0)/2)*$F29*$F$27*20)) | CL29: =IF(CJ29="","◄",IF(CJ29="NE","~","")) | CN29: =IF(CM29="","",IF(CM29="NE","",(IFERROR(IF(ISNUMBER(CM29),CM29,VALUE(CM29)),0)/2)*$F29*$F$27*20)) | CO29: =IF(CM29="","◄",IF(CM29="NE","~","")) | CQ29: =IF(CP29="","",IF(CP29="NE","",(IFERROR(IF(ISNUMBER(CP29),CP29,VALUE(CP29)),0)/2)*$F29*$F$27*20)) | CR29: =IF(CP29="","◄",IF(CP29="NE","~",""))
A30: 22 | B30: P4 | C30: Q4.1 | D30: Critère | E30: Flux interne : énergie mécanique (multiplicateur → bol/vis). | F30: 0.15 | H30: =IF(G30="","",IF(G30="NE","",(IFERROR(IF(ISNUMBER(G30),G30,VALUE(G30)),0)/2)*$F30*$F$27*20)) | I30: =IF(G30="","◄",IF(G30="NE","~","")) | K30: =IF(J30="","",IF(J30="NE","",(IFERROR(IF(ISNUMBER(J30),J30,VALUE(J30)),0)/2)*$F30*$F$27*20)) | L30: =IF(J30="","◄",IF(J30="NE","~","")) | N30: =IF(M30="","",IF(M30="NE","",(IFERROR(IF(ISNUMBER(M30),M30,VALUE(M30)),0)/2)*$F30*$F$27*20)) | O30: =IF(M30="","◄",IF(M30="NE","~","")) | Q30: =IF(P30="","",IF(P30="NE","",(IFERROR(IF(ISNUMBER(P30),P30,VALUE(P30)),0)/2)*$F30*$F$27*20)) | R30: =IF(P30="","◄",IF(P30="NE","~","")) | T30: =IF(S30="","",IF(S30="NE","",(IFERROR(IF(ISNUMBER(S30),S30,VALUE(S30)),0)/2)*$F30*$F$27*20)) | U30: =IF(S30="","◄",IF(S30="NE","~","")) | W30: =IF(V30="","",IF(V30="NE","",(IFERROR(IF(ISNUMBER(V30),V30,VALUE(V30)),0)/2)*$F30*$F$27*20)) | X30: =IF(V30="","◄",IF(V30="NE","~","")) | Z30: =IF(Y30="","",IF(Y30="NE","",(IFERROR(IF(ISNUMBER(Y30),Y30,VALUE(Y30)),0)/2)*$F30*$F$27*20)) | AA30: =IF(Y30="","◄",IF(Y30="NE","~","")) | AC30: =IF(AB30="","",IF(AB30="NE","",(IFERROR(IF(ISNUMBER(AB30),AB30,VALUE(AB30)),0)/2)*$F30*$F$27*20)) | AD30: =IF(AB30="","◄",IF(AB30="NE","~","")) | AF30: =IF(AE30="","",IF(AE30="NE","",(IFERROR(IF(ISNUMBER(AE30),AE30,VALUE(AE30)),0)/2)*$F30*$F$27*20)) | AG30: =IF(AE30="","◄",IF(AE30="NE","~","")) | AI30: =IF(AH30="","",IF(AH30="NE","",(IFERROR(IF(ISNUMBER(AH30),AH30,VALUE(AH30)),0)/2)*$F30*$F$27*20)) | AJ30: =IF(AH30="","◄",IF(AH30="NE","~","")) | AL30: =IF(AK30="","",IF(AK30="NE","",(IFERROR(IF(ISNUMBER(AK30),AK30,VALUE(AK30)),0)/2)*$F30*$F$27*20)) | AM30: =IF(AK30="","◄",IF(AK30="NE","~","")) | AO30: =IF(AN30="","",IF(AN30="NE","",(IFERROR(IF(ISNUMBER(AN30),AN30,VALUE(AN30)),0)/2)*$F30*$F$27*20)) | AP30: =IF(AN30="","◄",IF(AN30="NE","~","")) | AR30: =IF(AQ30="","",IF(AQ30="NE","",(IFERROR(IF(ISNUMBER(AQ30),AQ30,VALUE(AQ30)),0)/2)*$F30*$F$27*20)) | AS30: =IF(AQ30="","◄",IF(AQ30="NE","~","")) | AU30: =IF(AT30="","",IF(AT30="NE","",(IFERROR(IF(ISNUMBER(AT30),AT30,VALUE(AT30)),0)/2)*$F30*$F$27*20)) | AV30: =IF(AT30="","◄",IF(AT30="NE","~","")) | AX30: =IF(AW30="","",IF(AW30="NE","",(IFERROR(IF(ISNUMBER(AW30),AW30,VALUE(AW30)),0)/2)*$F30*$F$27*20)) | AY30: =IF(AW30="","◄",IF(AW30="NE","~","")) | BA30: =IF(AZ30="","",IF(AZ30="NE","",(IFERROR(IF(ISNUMBER(AZ30),AZ30,VALUE(AZ30)),0)/2)*$F30*$F$27*20)) | BB30: =IF(AZ30="","◄",IF(AZ30="NE","~","")) | BD30: =IF(BC30="","",IF(BC30="NE","",(IFERROR(IF(ISNUMBER(BC30),BC30,VALUE(BC30)),0)/2)*$F30*$F$27*20)) | BE30: =IF(BC30="","◄",IF(BC30="NE","~","")) | BG30: =IF(BF30="","",IF(BF30="NE","",(IFERROR(IF(ISNUMBER(BF30),BF30,VALUE(BF30)),0)/2)*$F30*$F$27*20)) | BH30: =IF(BF30="","◄",IF(BF30="NE","~","")) | BJ30: =IF(BI30="","",IF(BI30="NE","",(IFERROR(IF(ISNUMBER(BI30),BI30,VALUE(BI30)),0)/2)*$F30*$F$27*20)) | BK30: =IF(BI30="","◄",IF(BI30="NE","~","")) | BM30: =IF(BL30="","",IF(BL30="NE","",(IFERROR(IF(ISNUMBER(BL30),BL30,VALUE(BL30)),0)/2)*$F30*$F$27*20)) | BN30: =IF(BL30="","◄",IF(BL30="NE","~","")) | BP30: =IF(BO30="","",IF(BO30="NE","",(IFERROR(IF(ISNUMBER(BO30),BO30,VALUE(BO30)),0)/2)*$F30*$F$27*20)) | BQ30: =IF(BO30="","◄",IF(BO30="NE","~","")) | BS30: =IF(BR30="","",IF(BR30="NE","",(IFERROR(IF(ISNUMBER(BR30),BR30,VALUE(BR30)),0)/2)*$F30*$F$27*20)) | BT30: =IF(BR30="","◄",IF(BR30="NE","~","")) | BV30: =IF(BU30="","",IF(BU30="NE","",(IFERROR(IF(ISNUMBER(BU30),BU30,VALUE(BU30)),0)/2)*$F30*$F$27*20)) | BW30: =IF(BU30="","◄",IF(BU30="NE","~","")) | BY30: =IF(BX30="","",IF(BX30="NE","",(IFERROR(IF(ISNUMBER(BX30),BX30,VALUE(BX30)),0)/2)*$F30*$F$27*20)) | BZ30: =IF(BX30="","◄",IF(BX30="NE","~","")) | CB30: =IF(CA30="","",IF(CA30="NE","",(IFERROR(IF(ISNUMBER(CA30),CA30,VALUE(CA30)),0)/2)*$F30*$F$27*20)) | CC30: =IF(CA30="","◄",IF(CA30="NE","~","")) | CE30: =IF(CD30="","",IF(CD30="NE","",(IFERROR(IF(ISNUMBER(CD30),CD30,VALUE(CD30)),0)/2)*$F30*$F$27*20)) | CF30: =IF(CD30="","◄",IF(CD30="NE","~","")) | CH30: =IF(CG30="","",IF(CG30="NE","",(IFERROR(IF(ISNUMBER(CG30),CG30,VALUE(CG30)),0)/2)*$F30*$F$27*20)) | CI30: =IF(CG30="","◄",IF(CG30="NE","~","")) | CK30: =IF(CJ30="","",IF(CJ30="NE","",(IFERROR(IF(ISNUMBER(CJ30),CJ30,VALUE(CJ30)),0)/2)*$F30*$F$27*20)) | CL30: =IF(CJ30="","◄",IF(CJ30="NE","~","")) | CN30: =IF(CM30="","",IF(CM30="NE","",(IFERROR(IF(ISNUMBER(CM30),CM30,VALUE(CM30)),0)/2)*$F30*$F$27*20)) | CO30: =IF(CM30="","◄",IF(CM30="NE","~","")) | CQ30: =IF(CP30="","",IF(CP30="NE","",(IFERROR(IF(ISNUMBER(CP30),CP30,VALUE(CP30)),0)/2)*$F30*$F$27*20)) | CR30: =IF(CP30="","◄",IF(CP30="NE","~",""))
A31: 23 | B31: P4 | C31: Q4.2 | D31: Critère | E31: Ω_bol = 2π × 2600/60 ≈ 272 rad/s. | F31: 0.15 | H31: =IF(G31="","",IF(G31="NE","",(IFERROR(IF(ISNUMBER(G31),G31,VALUE(G31)),0)/2)*$F31*$F$27*20)) | I31: =IF(G31="","◄",IF(G31="NE","~","")) | K31: =IF(J31="","",IF(J31="NE","",(IFERROR(IF(ISNUMBER(J31),J31,VALUE(J31)),0)/2)*$F31*$F$27*20)) | L31: =IF(J31="","◄",IF(J31="NE","~","")) | N31: =IF(M31="","",IF(M31="NE","",(IFERROR(IF(ISNUMBER(M31),M31,VALUE(M31)),0)/2)*$F31*$F$27*20)) | O31: =IF(M31="","◄",IF(M31="NE","~","")) | Q31: =IF(P31="","",IF(P31="NE","",(IFERROR(IF(ISNUMBER(P31),P31,VALUE(P31)),0)/2)*$F31*$F$27*20)) | R31: =IF(P31="","◄",IF(P31="NE","~","")) | T31: =IF(S31="","",IF(S31="NE","",(IFERROR(IF(ISNUMBER(S31),S31,VALUE(S31)),0)/2)*$F31*$F$27*20)) | U31: =IF(S31="","◄",IF(S31="NE","~","")) | W31: =IF(V31="","",IF(V31="NE","",(IFERROR(IF(ISNUMBER(V31),V31,VALUE(V31)),0)/2)*$F31*$F$27*20)) | X31: =IF(V31="","◄",IF(V31="NE","~","")) | Z31: =IF(Y31="","",IF(Y31="NE","",(IFERROR(IF(ISNUMBER(Y31),Y31,VALUE(Y31)),0)/2)*$F31*$F$27*20)) | AA31: =IF(Y31="","◄",IF(Y31="NE","~","")) | AC31: =IF(AB31="","",IF(AB31="NE","",(IFERROR(IF(ISNUMBER(AB31),AB31,VALUE(AB31)),0)/2)*$F31*$F$27*20)) | AD31: =IF(AB31="","◄",IF(AB31="NE","~","")) | AF31: =IF(AE31="","",IF(AE31="NE","",(IFERROR(IF(ISNUMBER(AE31),AE31,VALUE(AE31)),0)/2)*$F31*$F$27*20)) | AG31: =IF(AE31="","◄",IF(AE31="NE","~","")) | AI31: =IF(AH31="","",IF(AH31="NE","",(IFERROR(IF(ISNUMBER(AH31),AH31,VALUE(AH31)),0)/2)*$F31*$F$27*20)) | AJ31: =IF(AH31="","◄",IF(AH31="NE","~","")) | AL31: =IF(AK31="","",IF(AK31="NE","",(IFERROR(IF(ISNUMBER(AK31),AK31,VALUE(AK31)),0)/2)*$F31*$F$27*20)) | AM31: =IF(AK31="","◄",IF(AK31="NE","~","")) | AO31: =IF(AN31="","",IF(AN31="NE","",(IFERROR(IF(ISNUMBER(AN31),AN31,VALUE(AN31)),0)/2)*$F31*$F$27*20)) | AP31: =IF(AN31="","◄",IF(AN31="NE","~","")) | AR31: =IF(AQ31="","",IF(AQ31="NE","",(IFERROR(IF(ISNUMBER(AQ31),AQ31,VALUE(AQ31)),0)/2)*$F31*$F$27*20)) | AS31: =IF(AQ31="","◄",IF(AQ31="NE","~","")) | AU31: =IF(AT31="","",IF(AT31="NE","",(IFERROR(IF(ISNUMBER(AT31),AT31,VALUE(AT31)),0)/2)*$F31*$F$27*20)) | AV31: =IF(AT31="","◄",IF(AT31="NE","~","")) | AX31: =IF(AW31="","",IF(AW31="NE","",(IFERROR(IF(ISNUMBER(AW31),AW31,VALUE(AW31)),0)/2)*$F31*$F$27*20)) | AY31: =IF(AW31="","◄",IF(AW31="NE","~","")) | BA31: =IF(AZ31="","",IF(AZ31="NE","",(IFERROR(IF(ISNUMBER(AZ31),AZ31,VALUE(AZ31)),0)/2)*$F31*$F$27*20)) | BB31: =IF(AZ31="","◄",IF(AZ31="NE","~","")) | BD31: =IF(BC31="","",IF(BC31="NE","",(IFERROR(IF(ISNUMBER(BC31),BC31,VALUE(BC31)),0)/2)*$F31*$F$27*20)) | BE31: =IF(BC31="","◄",IF(BC31="NE","~","")) | BG31: =IF(BF31="","",IF(BF31="NE","",(IFERROR(IF(ISNUMBER(BF31),BF31,VALUE(BF31)),0)/2)*$F31*$F$27*20)) | BH31: =IF(BF31="","◄",IF(BF31="NE","~","")) | BJ31: =IF(BI31="","",IF(BI31="NE","",(IFERROR(IF(ISNUMBER(BI31),BI31,VALUE(BI31)),0)/2)*$F31*$F$27*20)) | BK31: =IF(BI31="","◄",IF(BI31="NE","~","")) | BM31: =IF(BL31="","",IF(BL31="NE","",(IFERROR(IF(ISNUMBER(BL31),BL31,VALUE(BL31)),0)/2)*$F31*$F$27*20)) | BN31: =IF(BL31="","◄",IF(BL31="NE","~","")) | BP31: =IF(BO31="","",IF(BO31="NE","",(IFERROR(IF(ISNUMBER(BO31),BO31,VALUE(BO31)),0)/2)*$F31*$F$27*20)) | BQ31: =IF(BO31="","◄",IF(BO31="NE","~","")) | BS31: =IF(BR31="","",IF(BR31="NE","",(IFERROR(IF(ISNUMBER(BR31),BR31,VALUE(BR31)),0)/2)*$F31*$F$27*20)) | BT31: =IF(BR31="","◄",IF(BR31="NE","~","")) | BV31: =IF(BU31="","",IF(BU31="NE","",(IFERROR(IF(ISNUMBER(BU31),BU31,VALUE(BU31)),0)/2)*$F31*$F$27*20)) | BW31: =IF(BU31="","◄",IF(BU31="NE","~","")) | BY31: =IF(BX31="","",IF(BX31="NE","",(IFERROR(IF(ISNUMBER(BX31),BX31,VALUE(BX31)),0)/2)*$F31*$F$27*20)) | BZ31: =IF(BX31="","◄",IF(BX31="NE","~","")) | CB31: =IF(CA31="","",IF(CA31="NE","",(IFERROR(IF(ISNUMBER(CA31),CA31,VALUE(CA31)),0)/2)*$F31*$F$27*20)) | CC31: =IF(CA31="","◄",IF(CA31="NE","~","")) | CE31: =IF(CD31="","",IF(CD31="NE","",(IFERROR(IF(ISNUMBER(CD31),CD31,VALUE(CD31)),0)/2)*$F31*$F$27*20)) | CF31: =IF(CD31="","◄",IF(CD31="NE","~","")) | CH31: =IF(CG31="","",IF(CG31="NE","",(IFERROR(IF(ISNUMBER(CG31),CG31,VALUE(CG31)),0)/2)*$F31*$F$27*20)) | CI31: =IF(CG31="","◄",IF(CG31="NE","~","")) | CK31: =IF(CJ31="","",IF(CJ31="NE","",(IFERROR(IF(ISNUMBER(CJ31),CJ31,VALUE(CJ31)),0)/2)*$F31*$F$27*20)) | CL31: =IF(CJ31="","◄",IF(CJ31="NE","~","")) | CN31: =IF(CM31="","",IF(CM31="NE","",(IFERROR(IF(ISNUMBER(CM31),CM31,VALUE(CM31)),0)/2)*$F31*$F$27*20)) | CO31: =IF(CM31="","◄",IF(CM31="NE","~","")) | CQ31: =IF(CP31="","",IF(CP31="NE","",(IFERROR(IF(ISNUMBER(CP31),CP31,VALUE(CP31)),0)/2)*$F31*$F$27*20)) | CR31: =IF(CP31="","◄",IF(CP31="NE","~",""))
A32: 24 | B32: P4 | C32: Q4.3 | D32: Critère | E32: F_cb = 1200 × 1 × 0,335 × 300² = 36 180 kN. | F32: 0.15 | H32: =IF(G32="","",IF(G32="NE","",(IFERROR(IF(ISNUMBER(G32),G32,VALUE(G32)),0)/2)*$F32*$F$27*20)) | I32: =IF(G32="","◄",IF(G32="NE","~","")) | K32: =IF(J32="","",IF(J32="NE","",(IFERROR(IF(ISNUMBER(J32),J32,VALUE(J32)),0)/2)*$F32*$F$27*20)) | L32: =IF(J32="","◄",IF(J32="NE","~","")) | N32: =IF(M32="","",IF(M32="NE","",(IFERROR(IF(ISNUMBER(M32),M32,VALUE(M32)),0)/2)*$F32*$F$27*20)) | O32: =IF(M32="","◄",IF(M32="NE","~","")) | Q32: =IF(P32="","",IF(P32="NE","",(IFERROR(IF(ISNUMBER(P32),P32,VALUE(P32)),0)/2)*$F32*$F$27*20)) | R32: =IF(P32="","◄",IF(P32="NE","~","")) | T32: =IF(S32="","",IF(S32="NE","",(IFERROR(IF(ISNUMBER(S32),S32,VALUE(S32)),0)/2)*$F32*$F$27*20)) | U32: =IF(S32="","◄",IF(S32="NE","~","")) | W32: =IF(V32="","",IF(V32="NE","",(IFERROR(IF(ISNUMBER(V32),V32,VALUE(V32)),0)/2)*$F32*$F$27*20)) | X32: =IF(V32="","◄",IF(V32="NE","~","")) | Z32: =IF(Y32="","",IF(Y32="NE","",(IFERROR(IF(ISNUMBER(Y32),Y32,VALUE(Y32)),0)/2)*$F32*$F$27*20)) | AA32: =IF(Y32="","◄",IF(Y32="NE","~","")) | AC32: =IF(AB32="","",IF(AB32="NE","",(IFERROR(IF(ISNUMBER(AB32),AB32,VALUE(AB32)),0)/2)*$F32*$F$27*20)) | AD32: =IF(AB32="","◄",IF(AB32="NE","~","")) | AF32: =IF(AE32="","",IF(AE32="NE","",(IFERROR(IF(ISNUMBER(AE32),AE32,VALUE(AE32)),0)/2)*$F32*$F$27*20)) | AG32: =IF(AE32="","◄",IF(AE32="NE","~","")) | AI32: =IF(AH32="","",IF(AH32="NE","",(IFERROR(IF(ISNUMBER(AH32),AH32,VALUE(AH32)),0)/2)*$F32*$F$27*20)) | AJ32: =IF(AH32="","◄",IF(AH32="NE","~","")) | AL32: =IF(AK32="","",IF(AK32="NE","",(IFERROR(IF(ISNUMBER(AK32),AK32,VALUE(AK32)),0)/2)*$F32*$F$27*20)) | AM32: =IF(AK32="","◄",IF(AK32="NE","~","")) | AO32: =IF(AN32="","",IF(AN32="NE","",(IFERROR(IF(ISNUMBER(AN32),AN32,VALUE(AN32)),0)/2)*$F32*$F$27*20)) | AP32: =IF(AN32="","◄",IF(AN32="NE","~","")) | AR32: =IF(AQ32="","",IF(AQ32="NE","",(IFERROR(IF(ISNUMBER(AQ32),AQ32,VALUE(AQ32)),0)/2)*$F32*$F$27*20)) | AS32: =IF(AQ32="","◄",IF(AQ32="NE","~","")) | AU32: =IF(AT32="","",IF(AT32="NE","",(IFERROR(IF(ISNUMBER(AT32),AT32,VALUE(AT32)),0)/2)*$F32*$F$27*20)) | AV32: =IF(AT32="","◄",IF(AT32="NE","~","")) | AX32: =IF(AW32="","",IF(AW32="NE","",(IFERROR(IF(ISNUMBER(AW32),AW32,VALUE(AW32)),0)/2)*$F32*$F$27*20)) | AY32: =IF(AW32="","◄",IF(AW32="NE","~","")) | BA32: =IF(AZ32="","",IF(AZ32="NE","",(IFERROR(IF(ISNUMBER(AZ32),AZ32,VALUE(AZ32)),0)/2)*$F32*$F$27*20)) | BB32: =IF(AZ32="","◄",IF(AZ32="NE","~","")) | BD32: =IF(BC32="","",IF(BC32="NE","",(IFERROR(IF(ISNUMBER(BC32),BC32,VALUE(BC32)),0)/2)*$F32*$F$27*20)) | BE32: =IF(BC32="","◄",IF(BC32="NE","~","")) | BG32: =IF(BF32="","",IF(BF32="NE","",(IFERROR(IF(ISNUMBER(BF32),BF32,VALUE(BF32)),0)/2)*$F32*$F$27*20)) | BH32: =IF(BF32="","◄",IF(BF32="NE","~","")) | BJ32: =IF(BI32="","",IF(BI32="NE","",(IFERROR(IF(ISNUMBER(BI32),BI32,VALUE(BI32)),0)/2)*$F32*$F$27*20)) | BK32: =IF(BI32="","◄",IF(BI32="NE","~","")) | BM32: =IF(BL32="","",IF(BL32="NE","",(IFERROR(IF(ISNUMBER(BL32),BL32,VALUE(BL32)),0)/2)*$F32*$F$27*20)) | BN32: =IF(BL32="","◄",IF(BL32="NE","~","")) | BP32: =IF(BO32="","",IF(BO32="NE","",(IFERROR(IF(ISNUMBER(BO32),BO32,VALUE(BO32)),0)/2)*$F32*$F$27*20)) | BQ32: =IF(BO32="","◄",IF(BO32="NE","~","")) | BS32: =IF(BR32="","",IF(BR32="NE","",(IFERROR(IF(ISNUMBER(BR32),BR32,VALUE(BR32)),0)/2)*$F32*$F$27*20)) | BT32: =IF(BR32="","◄",IF(BR32="NE","~","")) | BV32: =IF(BU32="","",IF(BU32="NE","",(IFERROR(IF(ISNUMBER(BU32),BU32,VALUE(BU32)),0)/2)*$F32*$F$27*20)) | BW32: =IF(BU32="","◄",IF(BU32="NE","~","")) | BY32: =IF(BX32="","",IF(BX32="NE","",(IFERROR(IF(ISNUMBER(BX32),BX32,VALUE(BX32)),0)/2)*$F32*$F$27*20)) | BZ32: =IF(BX32="","◄",IF(BX32="NE","~","")) | CB32: =IF(CA32="","",IF(CA32="NE","",(IFERROR(IF(ISNUMBER(CA32),CA32,VALUE(CA32)),0)/2)*$F32*$F$27*20)) | CC32: =IF(CA32="","◄",IF(CA32="NE","~","")) | CE32: =IF(CD32="","",IF(CD32="NE","",(IFERROR(IF(ISNUMBER(CD32),CD32,VALUE(CD32)),0)/2)*$F32*$F$27*20)) | CF32: =IF(CD32="","◄",IF(CD32="NE","~","")) | CH32: =IF(CG32="","",IF(CG32="NE","",(IFERROR(IF(ISNUMBER(CG32),CG32,VALUE(CG32)),0)/2)*$F32*$F$27*20)) | CI32: =IF(CG32="","◄",IF(CG32="NE","~","")) | CK32: =IF(CJ32="","",IF(CJ32="NE","",(IFERROR(IF(ISNUMBER(CJ32),CJ32,VALUE(CJ32)),0)/2)*$F32*$F$27*20)) | CL32: =IF(CJ32="","◄",IF(CJ32="NE","~","")) | CN32: =IF(CM32="","",IF(CM32="NE","",(IFERROR(IF(ISNUMBER(CM32),CM32,VALUE(CM32)),0)/2)*$F32*$F$27*20)) | CO32: =IF(CM32="","◄",IF(CM32="NE","~","")) | CQ32: =IF(CP32="","",IF(CP32="NE","",(IFERROR(IF(ISNUMBER(CP32),CP32,VALUE(CP32)),0)/2)*$F32*$F$27*20)) | CR32: =IF(CP32="","◄",IF(CP32="NE","~",""))
A33: 25 | B33: P4 | C33: Q4.4 | D33: Critère | E33: F_cb = 36 180 kN > F_ce = 30 200 kN. | F33: 0.15 | H33: =IF(G33="","",IF(G33="NE","",(IFERROR(IF(ISNUMBER(G33),G33,VALUE(G33)),0)/2)*$F33*$F$27*20)) | I33: =IF(G33="","◄",IF(G33="NE","~","")) | K33: =IF(J33="","",IF(J33="NE","",(IFERROR(IF(ISNUMBER(J33),J33,VALUE(J33)),0)/2)*$F33*$F$27*20)) | L33: =IF(J33="","◄",IF(J33="NE","~","")) | N33: =IF(M33="","",IF(M33="NE","",(IFERROR(IF(ISNUMBER(M33),M33,VALUE(M33)),0)/2)*$F33*$F$27*20)) | O33: =IF(M33="","◄",IF(M33="NE","~","")) | Q33: =IF(P33="","",IF(P33="NE","",(IFERROR(IF(ISNUMBER(P33),P33,VALUE(P33)),0)/2)*$F33*$F$27*20)) | R33: =IF(P33="","◄",IF(P33="NE","~","")) | T33: =IF(S33="","",IF(S33="NE","",(IFERROR(IF(ISNUMBER(S33),S33,VALUE(S33)),0)/2)*$F33*$F$27*20)) | U33: =IF(S33="","◄",IF(S33="NE","~","")) | W33: =IF(V33="","",IF(V33="NE","",(IFERROR(IF(ISNUMBER(V33),V33,VALUE(V33)),0)/2)*$F33*$F$27*20)) | X33: =IF(V33="","◄",IF(V33="NE","~","")) | Z33: =IF(Y33="","",IF(Y33="NE","",(IFERROR(IF(ISNUMBER(Y33),Y33,VALUE(Y33)),0)/2)*$F33*$F$27*20)) | AA33: =IF(Y33="","◄",IF(Y33="NE","~","")) | AC33: =IF(AB33="","",IF(AB33="NE","",(IFERROR(IF(ISNUMBER(AB33),AB33,VALUE(AB33)),0)/2)*$F33*$F$27*20)) | AD33: =IF(AB33="","◄",IF(AB33="NE","~","")) | AF33: =IF(AE33="","",IF(AE33="NE","",(IFERROR(IF(ISNUMBER(AE33),AE33,VALUE(AE33)),0)/2)*$F33*$F$27*20)) | AG33: =IF(AE33="","◄",IF(AE33="NE","~","")) | AI33: =IF(AH33="","",IF(AH33="NE","",(IFERROR(IF(ISNUMBER(AH33),AH33,VALUE(AH33)),0)/2)*$F33*$F$27*20)) | AJ33: =IF(AH33="","◄",IF(AH33="NE","~","")) | AL33: =IF(AK33="","",IF(AK33="NE","",(IFERROR(IF(ISNUMBER(AK33),AK33,VALUE(AK33)),0)/2)*$F33*$F$27*20)) | AM33: =IF(AK33="","◄",IF(AK33="NE","~","")) | AO33: =IF(AN33="","",IF(AN33="NE","",(IFERROR(IF(ISNUMBER(AN33),AN33,VALUE(AN33)),0)/2)*$F33*$F$27*20)) | AP33: =IF(AN33="","◄",IF(AN33="NE","~","")) | AR33: =IF(AQ33="","",IF(AQ33="NE","",(IFERROR(IF(ISNUMBER(AQ33),AQ33,VALUE(AQ33)),0)/2)*$F33*$F$27*20)) | AS33: =IF(AQ33="","◄",IF(AQ33="NE","~","")) | AU33: =IF(AT33="","",IF(AT33="NE","",(IFERROR(IF(ISNUMBER(AT33),AT33,VALUE(AT33)),0)/2)*$F33*$F$27*20)) | AV33: =IF(AT33="","◄",IF(AT33="NE","~","")) | AX33: =IF(AW33="","",IF(AW33="NE","",(IFERROR(IF(ISNUMBER(AW33),AW33,VALUE(AW33)),0)/2)*$F33*$F$27*20)) | AY33: =IF(AW33="","◄",IF(AW33="NE","~","")) | BA33: =IF(AZ33="","",IF(AZ33="NE","",(IFERROR(IF(ISNUMBER(AZ33),AZ33,VALUE(AZ33)),0)/2)*$F33*$F$27*20)) | BB33: =IF(AZ33="","◄",IF(AZ33="NE","~","")) | BD33: =IF(BC33="","",IF(BC33="NE","",(IFERROR(IF(ISNUMBER(BC33),BC33,VALUE(BC33)),0)/2)*$F33*$F$27*20)) | BE33: =IF(BC33="","◄",IF(BC33="NE","~","")) | BG33: =IF(BF33="","",IF(BF33="NE","",(IFERROR(IF(ISNUMBER(BF33),BF33,VALUE(BF33)),0)/2)*$F33*$F$27*20)) | BH33: =IF(BF33="","◄",IF(BF33="NE","~","")) | BJ33: =IF(BI33="","",IF(BI33="NE","",(IFERROR(IF(ISNUMBER(BI33),BI33,VALUE(BI33)),0)/2)*$F33*$F$27*20)) | BK33: =IF(BI33="","◄",IF(BI33="NE","~","")) | BM33: =IF(BL33="","",IF(BL33="NE","",(IFERROR(IF(ISNUMBER(BL33),BL33,VALUE(BL33)),0)/2)*$F33*$F$27*20)) | BN33: =IF(BL33="","◄",IF(BL33="NE","~","")) | BP33: =IF(BO33="","",IF(BO33="NE","",(IFERROR(IF(ISNUMBER(BO33),BO33,VALUE(BO33)),0)/2)*$F33*$F$27*20)) | BQ33: =IF(BO33="","◄",IF(BO33="NE","~","")) | BS33: =IF(BR33="","",IF(BR33="NE","",(IFERROR(IF(ISNUMBER(BR33),BR33,VALUE(BR33)),0)/2)*$F33*$F$27*20)) | BT33: =IF(BR33="","◄",IF(BR33="NE","~","")) | BV33: =IF(BU33="","",IF(BU33="NE","",(IFERROR(IF(ISNUMBER(BU33),BU33,VALUE(BU33)),0)/2)*$F33*$F$27*20)) | BW33: =IF(BU33="","◄",IF(BU33="NE","~","")) | BY33: =IF(BX33="","",IF(BX33="NE","",(IFERROR(IF(ISNUMBER(BX33),BX33,VALUE(BX33)),0)/2)*$F33*$F$27*20)) | BZ33: =IF(BX33="","◄",IF(BX33="NE","~","")) | CB33: =IF(CA33="","",IF(CA33="NE","",(IFERROR(IF(ISNUMBER(CA33),CA33,VALUE(CA33)),0)/2)*$F33*$F$27*20)) | CC33: =IF(CA33="","◄",IF(CA33="NE","~","")) | CE33: =IF(CD33="","",IF(CD33="NE","",(IFERROR(IF(ISNUMBER(CD33),CD33,VALUE(CD33)),0)/2)*$F33*$F$27*20)) | CF33: =IF(CD33="","◄",IF(CD33="NE","~","")) | CH33: =IF(CG33="","",IF(CG33="NE","",(IFERROR(IF(ISNUMBER(CG33),CG33,VALUE(CG33)),0)/2)*$F33*$F$27*20)) | CI33: =IF(CG33="","◄",IF(CG33="NE","~","")) | CK33: =IF(CJ33="","",IF(CJ33="NE","",(IFERROR(IF(ISNUMBER(CJ33),CJ33,VALUE(CJ33)),0)/2)*$F33*$F$27*20)) | CL33: =IF(CJ33="","◄",IF(CJ33="NE","~","")) | CN33: =IF(CM33="","",IF(CM33="NE","",(IFERROR(IF(ISNUMBER(CM33),CM33,VALUE(CM33)),0)/2)*$F33*$F$27*20)) | CO33: =IF(CM33="","◄",IF(CM33="NE","~","")) | CQ33: =IF(CP33="","",IF(CP33="NE","",(IFERROR(IF(ISNUMBER(CP33),CP33,VALUE(CP33)),0)/2)*$F33*$F$27*20)) | CR33: =IF(CP33="","◄",IF(CP33="NE","~",""))
A34: 26 | B34: P4 | C34: Q4.4 | D34: Critère | E34: Conclusion : forces centrifuges différentes sur boue et eau → séparation possible. | F34: 0.1 | H34: =IF(G34="","",IF(G34="NE","",(IFERROR(IF(ISNUMBER(G34),G34,VALUE(G34)),0)/2)*$F34*$F$27*20)) | I34: =IF(G34="","◄",IF(G34="NE","~","")) | K34: =IF(J34="","",IF(J34="NE","",(IFERROR(IF(ISNUMBER(J34),J34,VALUE(J34)),0)/2)*$F34*$F$27*20)) | L34: =IF(J34="","◄",IF(J34="NE","~","")) | N34: =IF(M34="","",IF(M34="NE","",(IFERROR(IF(ISNUMBER(M34),M34,VALUE(M34)),0)/2)*$F34*$F$27*20)) | O34: =IF(M34="","◄",IF(M34="NE","~","")) | Q34: =IF(P34="","",IF(P34="NE","",(IFERROR(IF(ISNUMBER(P34),P34,VALUE(P34)),0)/2)*$F34*$F$27*20)) | R34: =IF(P34="","◄",IF(P34="NE","~","")) | T34: =IF(S34="","",IF(S34="NE","",(IFERROR(IF(ISNUMBER(S34),S34,VALUE(S34)),0)/2)*$F34*$F$27*20)) | U34: =IF(S34="","◄",IF(S34="NE","~","")) | W34: =IF(V34="","",IF(V34="NE","",(IFERROR(IF(ISNUMBER(V34),V34,VALUE(V34)),0)/2)*$F34*$F$27*20)) | X34: =IF(V34="","◄",IF(V34="NE","~","")) | Z34: =IF(Y34="","",IF(Y34="NE","",(IFERROR(IF(ISNUMBER(Y34),Y34,VALUE(Y34)),0)/2)*$F34*$F$27*20)) | AA34: =IF(Y34="","◄",IF(Y34="NE","~","")) | AC34: =IF(AB34="","",IF(AB34="NE","",(IFERROR(IF(ISNUMBER(AB34),AB34,VALUE(AB34)),0)/2)*$F34*$F$27*20)) | AD34: =IF(AB34="","◄",IF(AB34="NE","~","")) | AF34: =IF(AE34="","",IF(AE34="NE","",(IFERROR(IF(ISNUMBER(AE34),AE34,VALUE(AE34)),0)/2)*$F34*$F$27*20)) | AG34: =IF(AE34="","◄",IF(AE34="NE","~","")) | AI34: =IF(AH34="","",IF(AH34="NE","",(IFERROR(IF(ISNUMBER(AH34),AH34,VALUE(AH34)),0)/2)*$F34*$F$27*20)) | AJ34: =IF(AH34="","◄",IF(AH34="NE","~","")) | AL34: =IF(AK34="","",IF(AK34="NE","",(IFERROR(IF(ISNUMBER(AK34),AK34,VALUE(AK34)),0)/2)*$F34*$F$27*20)) | AM34: =IF(AK34="","◄",IF(AK34="NE","~","")) | AO34: =IF(AN34="","",IF(AN34="NE","",(IFERROR(IF(ISNUMBER(AN34),AN34,VALUE(AN34)),0)/2)*$F34*$F$27*20)) | AP34: =IF(AN34="","◄",IF(AN34="NE","~","")) | AR34: =IF(AQ34="","",IF(AQ34="NE","",(IFERROR(IF(ISNUMBER(AQ34),AQ34,VALUE(AQ34)),0)/2)*$F34*$F$27*20)) | AS34: =IF(AQ34="","◄",IF(AQ34="NE","~","")) | AU34: =IF(AT34="","",IF(AT34="NE","",(IFERROR(IF(ISNUMBER(AT34),AT34,VALUE(AT34)),0)/2)*$F34*$F$27*20)) | AV34: =IF(AT34="","◄",IF(AT34="NE","~","")) | AX34: =IF(AW34="","",IF(AW34="NE","",(IFERROR(IF(ISNUMBER(AW34),AW34,VALUE(AW34)),0)/2)*$F34*$F$27*20)) | AY34: =IF(AW34="","◄",IF(AW34="NE","~","")) | BA34: =IF(AZ34="","",IF(AZ34="NE","",(IFERROR(IF(ISNUMBER(AZ34),AZ34,VALUE(AZ34)),0)/2)*$F34*$F$27*20)) | BB34: =IF(AZ34="","◄",IF(AZ34="NE","~","")) | BD34: =IF(BC34="","",IF(BC34="NE","",(IFERROR(IF(ISNUMBER(BC34),BC34,VALUE(BC34)),0)/2)*$F34*$F$27*20)) | BE34: =IF(BC34="","◄",IF(BC34="NE","~","")) | BG34: =IF(BF34="","",IF(BF34="NE","",(IFERROR(IF(ISNUMBER(BF34),BF34,VALUE(BF34)),0)/2)*$F34*$F$27*20)) | BH34: =IF(BF34="","◄",IF(BF34="NE","~","")) | BJ34: =IF(BI34="","",IF(BI34="NE","",(IFERROR(IF(ISNUMBER(BI34),BI34,VALUE(BI34)),0)/2)*$F34*$F$27*20)) | BK34: =IF(BI34="","◄",IF(BI34="NE","~","")) | BM34: =IF(BL34="","",IF(BL34="NE","",(IFERROR(IF(ISNUMBER(BL34),BL34,VALUE(BL34)),0)/2)*$F34*$F$27*20)) | BN34: =IF(BL34="","◄",IF(BL34="NE","~","")) | BP34: =IF(BO34="","",IF(BO34="NE","",(IFERROR(IF(ISNUMBER(BO34),BO34,VALUE(BO34)),0)/2)*$F34*$F$27*20)) | BQ34: =IF(BO34="","◄",IF(BO34="NE","~","")) | BS34: =IF(BR34="","",IF(BR34="NE","",(IFERROR(IF(ISNUMBER(BR34),BR34,VALUE(BR34)),0)/2)*$F34*$F$27*20)) | BT34: =IF(BR34="","◄",IF(BR34="NE","~","")) | BV34: =IF(BU34="","",IF(BU34="NE","",(IFERROR(IF(ISNUMBER(BU34),BU34,VALUE(BU34)),0)/2)*$F34*$F$27*20)) | BW34: =IF(BU34="","◄",IF(BU34="NE","~","")) | BY34: =IF(BX34="","",IF(BX34="NE","",(IFERROR(IF(ISNUMBER(BX34),BX34,VALUE(BX34)),0)/2)*$F34*$F$27*20)) | BZ34: =IF(BX34="","◄",IF(BX34="NE","~","")) | CB34: =IF(CA34="","",IF(CA34="NE","",(IFERROR(IF(ISNUMBER(CA34),CA34,VALUE(CA34)),0)/2)*$F34*$F$27*20)) | CC34: =IF(CA34="","◄",IF(CA34="NE","~","")) | CE34: =IF(CD34="","",IF(CD34="NE","",(IFERROR(IF(ISNUMBER(CD34),CD34,VALUE(CD34)),0)/2)*$F34*$F$27*20)) | CF34: =IF(CD34="","◄",IF(CD34="NE","~","")) | CH34: =IF(CG34="","",IF(CG34="NE","",(IFERROR(IF(ISNUMBER(CG34),CG34,VALUE(CG34)),0)/2)*$F34*$F$27*20)) | CI34: =IF(CG34="","◄",IF(CG34="NE","~","")) | CK34: =IF(CJ34="","",IF(CJ34="NE","",(IFERROR(IF(ISNUMBER(CJ34),CJ34,VALUE(CJ34)),0)/2)*$F34*$F$27*20)) | CL34: =IF(CJ34="","◄",IF(CJ34="NE","~","")) | CN34: =IF(CM34="","",IF(CM34="NE","",(IFERROR(IF(ISNUMBER(CM34),CM34,VALUE(CM34)),0)/2)*$F34*$F$27*20)) | CO34: =IF(CM34="","◄",IF(CM34="NE","~","")) | CQ34: =IF(CP34="","",IF(CP34="NE","",(IFERROR(IF(ISNUMBER(CP34),CP34,VALUE(CP34)),0)/2)*$F34*$F$27*20)) | CR34: =IF(CP34="","◄",IF(CP34="NE","~",""))
B35: P5 | D35: Partie | E35: Peut-on valider l'implantation d'une torchère ? | F35: 0.25 | H35: =IFERROR(SUM(H36:H43)/(SUMPRODUCT(($F$36:$F$43)*(G36:G43<>"")*(G36:G43<>"NE"))*$F$35),"") | K35: =IFERROR(SUM(K36:K43)/(SUMPRODUCT(($F$36:$F$43)*(J36:J43<>"")*(J36:J43<>"NE"))*$F$35),"") | N35: =IFERROR(SUM(N36:N43)/(SUMPRODUCT(($F$36:$F$43)*(M36:M43<>"")*(M36:M43<>"NE"))*$F$35),"") | Q35: =IFERROR(SUM(Q36:Q43)/(SUMPRODUCT(($F$36:$F$43)*(P36:P43<>"")*(P36:P43<>"NE"))*$F$35),"") | T35: =IFERROR(SUM(T36:T43)/(SUMPRODUCT(($F$36:$F$43)*(S36:S43<>"")*(S36:S43<>"NE"))*$F$35),"") | W35: =IFERROR(SUM(W36:W43)/(SUMPRODUCT(($F$36:$F$43)*(V36:V43<>"")*(V36:V43<>"NE"))*$F$35),"") | Z35: =IFERROR(SUM(Z36:Z43)/(SUMPRODUCT(($F$36:$F$43)*(Y36:Y43<>"")*(Y36:Y43<>"NE"))*$F$35),"") | AC35: =IFERROR(SUM(AC36:AC43)/(SUMPRODUCT(($F$36:$F$43)*(AB36:AB43<>"")*(AB36:AB43<>"NE"))*$F$35),"") | AF35: =IFERROR(SUM(AF36:AF43)/(SUMPRODUCT(($F$36:$F$43)*(AE36:AE43<>"")*(AE36:AE43<>"NE"))*$F$35),"") | AI35: =IFERROR(SUM(AI36:AI43)/(SUMPRODUCT(($F$36:$F$43)*(AH36:AH43<>"")*(AH36:AH43<>"NE"))*$F$35),"") | AL35: =IFERROR(SUM(AL36:AL43)/(SUMPRODUCT(($F$36:$F$43)*(AK36:AK43<>"")*(AK36:AK43<>"NE"))*$F$35),"") | AO35: =IFERROR(SUM(AO36:AO43)/(SUMPRODUCT(($F$36:$F$43)*(AN36:AN43<>"")*(AN36:AN43<>"NE"))*$F$35),"") | AR35: =IFERROR(SUM(AR36:AR43)/(SUMPRODUCT(($F$36:$F$43)*(AQ36:AQ43<>"")*(AQ36:AQ43<>"NE"))*$F$35),"") | AU35: =IFERROR(SUM(AU36:AU43)/(SUMPRODUCT(($F$36:$F$43)*(AT36:AT43<>"")*(AT36:AT43<>"NE"))*$F$35),"") | AX35: =IFERROR(SUM(AX36:AX43)/(SUMPRODUCT(($F$36:$F$43)*(AW36:AW43<>"")*(AW36:AW43<>"NE"))*$F$35),"") | BA35: =IFERROR(SUM(BA36:BA43)/(SUMPRODUCT(($F$36:$F$43)*(AZ36:AZ43<>"")*(AZ36:AZ43<>"NE"))*$F$35),"") | BD35: =IFERROR(SUM(BD36:BD43)/(SUMPRODUCT(($F$36:$F$43)*(BC36:BC43<>"")*(BC36:BC43<>"NE"))*$F$35),"") | BG35: =IFERROR(SUM(BG36:BG43)/(SUMPRODUCT(($F$36:$F$43)*(BF36:BF43<>"")*(BF36:BF43<>"NE"))*$F$35),"") | BJ35: =IFERROR(SUM(BJ36:BJ43)/(SUMPRODUCT(($F$36:$F$43)*(BI36:BI43<>"")*(BI36:BI43<>"NE"))*$F$35),"") | BM35: =IFERROR(SUM(BM36:BM43)/(SUMPRODUCT(($F$36:$F$43)*(BL36:BL43<>"")*(BL36:BL43<>"NE"))*$F$35),"") | BP35: =IFERROR(SUM(BP36:BP43)/(SUMPRODUCT(($F$36:$F$43)*(BO36:BO43<>"")*(BO36:BO43<>"NE"))*$F$35),"") | BS35: =IFERROR(SUM(BS36:BS43)/(SUMPRODUCT(($F$36:$F$43)*(BR36:BR43<>"")*(BR36:BR43<>"NE"))*$F$35),"") | BV35: =IFERROR(SUM(BV36:BV43)/(SUMPRODUCT(($F$36:$F$43)*(BU36:BU43<>"")*(BU36:BU43<>"NE"))*$F$35),"") | BY35: =IFERROR(SUM(BY36:BY43)/(SUMPRODUCT(($F$36:$F$43)*(BX36:BX43<>"")*(BX36:BX43<>"NE"))*$F$35),"") | CB35: =IFERROR(SUM(CB36:CB43)/(SUMPRODUCT(($F$36:$F$43)*(CA36:CA43<>"")*(CA36:CA43<>"NE"))*$F$35),"") | CE35: =IFERROR(SUM(CE36:CE43)/(SUMPRODUCT(($F$36:$F$43)*(CD36:CD43<>"")*(CD36:CD43<>"NE"))*$F$35),"") | CH35: =IFERROR(SUM(CH36:CH43)/(SUMPRODUCT(($F$36:$F$43)*(CG36:CG43<>"")*(CG36:CG43<>"NE"))*$F$35),"") | CK35: =IFERROR(SUM(CK36:CK43)/(SUMPRODUCT(($F$36:$F$43)*(CJ36:CJ43<>"")*(CJ36:CJ43<>"NE"))*$F$35),"") | CN35: =IFERROR(SUM(CN36:CN43)/(SUMPRODUCT(($F$36:$F$43)*(CM36:CM43<>"")*(CM36:CM43<>"NE"))*$F$35),"") | CQ35: =IFERROR(SUM(CQ36:CQ43)/(SUMPRODUCT(($F$36:$F$43)*(CP36:CP43<>"")*(CP36:CP43<>"NE"))*$F$35),"")
A36: 27 | B36: P5 | C36: Q5.1 | D36: Critère | E36: V = H·π·(R² − r²) avec H=7000mm, R=750mm, r=740mm → V ≈ 3,28·10⁸ mm³ = 0,328 m³. | F36: 0.25 | H36: =IF(G36="","",IF(G36="NE","",(IFERROR(IF(ISNUMBER(G36),G36,VALUE(G36)),0)/2)*$F36*$F$35*20)) | I36: =IF(G36="","◄",IF(G36="NE","~","")) | K36: =IF(J36="","",IF(J36="NE","",(IFERROR(IF(ISNUMBER(J36),J36,VALUE(J36)),0)/2)*$F36*$F$35*20)) | L36: =IF(J36="","◄",IF(J36="NE","~","")) | N36: =IF(M36="","",IF(M36="NE","",(IFERROR(IF(ISNUMBER(M36),M36,VALUE(M36)),0)/2)*$F36*$F$35*20)) | O36: =IF(M36="","◄",IF(M36="NE","~","")) | Q36: =IF(P36="","",IF(P36="NE","",(IFERROR(IF(ISNUMBER(P36),P36,VALUE(P36)),0)/2)*$F36*$F$35*20)) | R36: =IF(P36="","◄",IF(P36="NE","~","")) | T36: =IF(S36="","",IF(S36="NE","",(IFERROR(IF(ISNUMBER(S36),S36,VALUE(S36)),0)/2)*$F36*$F$35*20)) | U36: =IF(S36="","◄",IF(S36="NE","~","")) | W36: =IF(V36="","",IF(V36="NE","",(IFERROR(IF(ISNUMBER(V36),V36,VALUE(V36)),0)/2)*$F36*$F$35*20)) | X36: =IF(V36="","◄",IF(V36="NE","~","")) | Z36: =IF(Y36="","",IF(Y36="NE","",(IFERROR(IF(ISNUMBER(Y36),Y36,VALUE(Y36)),0)/2)*$F36*$F$35*20)) | AA36: =IF(Y36="","◄",IF(Y36="NE","~","")) | AC36: =IF(AB36="","",IF(AB36="NE","",(IFERROR(IF(ISNUMBER(AB36),AB36,VALUE(AB36)),0)/2)*$F36*$F$35*20)) | AD36: =IF(AB36="","◄",IF(AB36="NE","~","")) | AF36: =IF(AE36="","",IF(AE36="NE","",(IFERROR(IF(ISNUMBER(AE36),AE36,VALUE(AE36)),0)/2)*$F36*$F$35*20)) | AG36: =IF(AE36="","◄",IF(AE36="NE","~","")) | AI36: =IF(AH36="","",IF(AH36="NE","",(IFERROR(IF(ISNUMBER(AH36),AH36,VALUE(AH36)),0)/2)*$F36*$F$35*20)) | AJ36: =IF(AH36="","◄",IF(AH36="NE","~","")) | AL36: =IF(AK36="","",IF(AK36="NE","",(IFERROR(IF(ISNUMBER(AK36),AK36,VALUE(AK36)),0)/2)*$F36*$F$35*20)) | AM36: =IF(AK36="","◄",IF(AK36="NE","~","")) | AO36: =IF(AN36="","",IF(AN36="NE","",(IFERROR(IF(ISNUMBER(AN36),AN36,VALUE(AN36)),0)/2)*$F36*$F$35*20)) | AP36: =IF(AN36="","◄",IF(AN36="NE","~","")) | AR36: =IF(AQ36="","",IF(AQ36="NE","",(IFERROR(IF(ISNUMBER(AQ36),AQ36,VALUE(AQ36)),0)/2)*$F36*$F$35*20)) | AS36: =IF(AQ36="","◄",IF(AQ36="NE","~","")) | AU36: =IF(AT36="","",IF(AT36="NE","",(IFERROR(IF(ISNUMBER(AT36),AT36,VALUE(AT36)),0)/2)*$F36*$F$35*20)) | AV36: =IF(AT36="","◄",IF(AT36="NE","~","")) | AX36: =IF(AW36="","",IF(AW36="NE","",(IFERROR(IF(ISNUMBER(AW36),AW36,VALUE(AW36)),0)/2)*$F36*$F$35*20)) | AY36: =IF(AW36="","◄",IF(AW36="NE","~","")) | BA36: =IF(AZ36="","",IF(AZ36="NE","",(IFERROR(IF(ISNUMBER(AZ36),AZ36,VALUE(AZ36)),0)/2)*$F36*$F$35*20)) | BB36: =IF(AZ36="","◄",IF(AZ36="NE","~","")) | BD36: =IF(BC36="","",IF(BC36="NE","",(IFERROR(IF(ISNUMBER(BC36),BC36,VALUE(BC36)),0)/2)*$F36*$F$35*20)) | BE36: =IF(BC36="","◄",IF(BC36="NE","~","")) | BG36: =IF(BF36="","",IF(BF36="NE","",(IFERROR(IF(ISNUMBER(BF36),BF36,VALUE(BF36)),0)/2)*$F36*$F$35*20)) | BH36: =IF(BF36="","◄",IF(BF36="NE","~","")) | BJ36: =IF(BI36="","",IF(BI36="NE","",(IFERROR(IF(ISNUMBER(BI36),BI36,VALUE(BI36)),0)/2)*$F36*$F$35*20)) | BK36: =IF(BI36="","◄",IF(BI36="NE","~","")) | BM36: =IF(BL36="","",IF(BL36="NE","",(IFERROR(IF(ISNUMBER(BL36),BL36,VALUE(BL36)),0)/2)*$F36*$F$35*20)) | BN36: =IF(BL36="","◄",IF(BL36="NE","~","")) | BP36: =IF(BO36="","",IF(BO36="NE","",(IFERROR(IF(ISNUMBER(BO36),BO36,VALUE(BO36)),0)/2)*$F36*$F$35*20)) | BQ36: =IF(BO36="","◄",IF(BO36="NE","~","")) | BS36: =IF(BR36="","",IF(BR36="NE","",(IFERROR(IF(ISNUMBER(BR36),BR36,VALUE(BR36)),0)/2)*$F36*$F$35*20)) | BT36: =IF(BR36="","◄",IF(BR36="NE","~","")) | BV36: =IF(BU36="","",IF(BU36="NE","",(IFERROR(IF(ISNUMBER(BU36),BU36,VALUE(BU36)),0)/2)*$F36*$F$35*20)) | BW36: =IF(BU36="","◄",IF(BU36="NE","~","")) | BY36: =IF(BX36="","",IF(BX36="NE","",(IFERROR(IF(ISNUMBER(BX36),BX36,VALUE(BX36)),0)/2)*$F36*$F$35*20)) | BZ36: =IF(BX36="","◄",IF(BX36="NE","~","")) | CB36: =IF(CA36="","",IF(CA36="NE","",(IFERROR(IF(ISNUMBER(CA36),CA36,VALUE(CA36)),0)/2)*$F36*$F$35*20)) | CC36: =IF(CA36="","◄",IF(CA36="NE","~","")) | CE36: =IF(CD36="","",IF(CD36="NE","",(IFERROR(IF(ISNUMBER(CD36),CD36,VALUE(CD36)),0)/2)*$F36*$F$35*20)) | CF36: =IF(CD36="","◄",IF(CD36="NE","~","")) | CH36: =IF(CG36="","",IF(CG36="NE","",(IFERROR(IF(ISNUMBER(CG36),CG36,VALUE(CG36)),0)/2)*$F36*$F$35*20)) | CI36: =IF(CG36="","◄",IF(CG36="NE","~","")) | CK36: =IF(CJ36="","",IF(CJ36="NE","",(IFERROR(IF(ISNUMBER(CJ36),CJ36,VALUE(CJ36)),0)/2)*$F36*$F$35*20)) | CL36: =IF(CJ36="","◄",IF(CJ36="NE","~","")) | CN36: =IF(CM36="","",IF(CM36="NE","",(IFERROR(IF(ISNUMBER(CM36),CM36,VALUE(CM36)),0)/2)*$F36*$F$35*20)) | CO36: =IF(CM36="","◄",IF(CM36="NE","~","")) | CQ36: =IF(CP36="","",IF(CP36="NE","",(IFERROR(IF(ISNUMBER(CP36),CP36,VALUE(CP36)),0)/2)*$F36*$F$35*20)) | CR36: =IF(CP36="","◄",IF(CP36="NE","~",""))
A37: 28 | B37: P5 | C37: Q5.2 | D37: Critère | E37: Masse fût = ρ × V = 8000 × 0,328 = 2 624 kg. | F37: 0.2 | H37: =IF(G37="","",IF(G37="NE","",(IFERROR(IF(ISNUMBER(G37),G37,VALUE(G37)),0)/2)*$F37*$F$35*20)) | I37: =IF(G37="","◄",IF(G37="NE","~","")) | K37: =IF(J37="","",IF(J37="NE","",(IFERROR(IF(ISNUMBER(J37),J37,VALUE(J37)),0)/2)*$F37*$F$35*20)) | L37: =IF(J37="","◄",IF(J37="NE","~","")) | N37: =IF(M37="","",IF(M37="NE","",(IFERROR(IF(ISNUMBER(M37),M37,VALUE(M37)),0)/2)*$F37*$F$35*20)) | O37: =IF(M37="","◄",IF(M37="NE","~","")) | Q37: =IF(P37="","",IF(P37="NE","",(IFERROR(IF(ISNUMBER(P37),P37,VALUE(P37)),0)/2)*$F37*$F$35*20)) | R37: =IF(P37="","◄",IF(P37="NE","~","")) | T37: =IF(S37="","",IF(S37="NE","",(IFERROR(IF(ISNUMBER(S37),S37,VALUE(S37)),0)/2)*$F37*$F$35*20)) | U37: =IF(S37="","◄",IF(S37="NE","~","")) | W37: =IF(V37="","",IF(V37="NE","",(IFERROR(IF(ISNUMBER(V37),V37,VALUE(V37)),0)/2)*$F37*$F$35*20)) | X37: =IF(V37="","◄",IF(V37="NE","~","")) | Z37: =IF(Y37="","",IF(Y37="NE","",(IFERROR(IF(ISNUMBER(Y37),Y37,VALUE(Y37)),0)/2)*$F37*$F$35*20)) | AA37: =IF(Y37="","◄",IF(Y37="NE","~","")) | AC37: =IF(AB37="","",IF(AB37="NE","",(IFERROR(IF(ISNUMBER(AB37),AB37,VALUE(AB37)),0)/2)*$F37*$F$35*20)) | AD37: =IF(AB37="","◄",IF(AB37="NE","~","")) | AF37: =IF(AE37="","",IF(AE37="NE","",(IFERROR(IF(ISNUMBER(AE37),AE37,VALUE(AE37)),0)/2)*$F37*$F$35*20)) | AG37: =IF(AE37="","◄",IF(AE37="NE","~","")) | AI37: =IF(AH37="","",IF(AH37="NE","",(IFERROR(IF(ISNUMBER(AH37),AH37,VALUE(AH37)),0)/2)*$F37*$F$35*20)) | AJ37: =IF(AH37="","◄",IF(AH37="NE","~","")) | AL37: =IF(AK37="","",IF(AK37="NE","",(IFERROR(IF(ISNUMBER(AK37),AK37,VALUE(AK37)),0)/2)*$F37*$F$35*20)) | AM37: =IF(AK37="","◄",IF(AK37="NE","~","")) | AO37: =IF(AN37="","",IF(AN37="NE","",(IFERROR(IF(ISNUMBER(AN37),AN37,VALUE(AN37)),0)/2)*$F37*$F$35*20)) | AP37: =IF(AN37="","◄",IF(AN37="NE","~","")) | AR37: =IF(AQ37="","",IF(AQ37="NE","",(IFERROR(IF(ISNUMBER(AQ37),AQ37,VALUE(AQ37)),0)/2)*$F37*$F$35*20)) | AS37: =IF(AQ37="","◄",IF(AQ37="NE","~","")) | AU37: =IF(AT37="","",IF(AT37="NE","",(IFERROR(IF(ISNUMBER(AT37),AT37,VALUE(AT37)),0)/2)*$F37*$F$35*20)) | AV37: =IF(AT37="","◄",IF(AT37="NE","~","")) | AX37: =IF(AW37="","",IF(AW37="NE","",(IFERROR(IF(ISNUMBER(AW37),AW37,VALUE(AW37)),0)/2)*$F37*$F$35*20)) | AY37: =IF(AW37="","◄",IF(AW37="NE","~","")) | BA37: =IF(AZ37="","",IF(AZ37="NE","",(IFERROR(IF(ISNUMBER(AZ37),AZ37,VALUE(AZ37)),0)/2)*$F37*$F$35*20)) | BB37: =IF(AZ37="","◄",IF(AZ37="NE","~","")) | BD37: =IF(BC37="","",IF(BC37="NE","",(IFERROR(IF(ISNUMBER(BC37),BC37,VALUE(BC37)),0)/2)*$F37*$F$35*20)) | BE37: =IF(BC37="","◄",IF(BC37="NE","~","")) | BG37: =IF(BF37="","",IF(BF37="NE","",(IFERROR(IF(ISNUMBER(BF37),BF37,VALUE(BF37)),0)/2)*$F37*$F$35*20)) | BH37: =IF(BF37="","◄",IF(BF37="NE","~","")) | BJ37: =IF(BI37="","",IF(BI37="NE","",(IFERROR(IF(ISNUMBER(BI37),BI37,VALUE(BI37)),0)/2)*$F37*$F$35*20)) | BK37: =IF(BI37="","◄",IF(BI37="NE","~","")) | BM37: =IF(BL37="","",IF(BL37="NE","",(IFERROR(IF(ISNUMBER(BL37),BL37,VALUE(BL37)),0)/2)*$F37*$F$35*20)) | BN37: =IF(BL37="","◄",IF(BL37="NE","~","")) | BP37: =IF(BO37="","",IF(BO37="NE","",(IFERROR(IF(ISNUMBER(BO37),BO37,VALUE(BO37)),0)/2)*$F37*$F$35*20)) | BQ37: =IF(BO37="","◄",IF(BO37="NE","~","")) | BS37: =IF(BR37="","",IF(BR37="NE","",(IFERROR(IF(ISNUMBER(BR37),BR37,VALUE(BR37)),0)/2)*$F37*$F$35*20)) | BT37: =IF(BR37="","◄",IF(BR37="NE","~","")) | BV37: =IF(BU37="","",IF(BU37="NE","",(IFERROR(IF(ISNUMBER(BU37),BU37,VALUE(BU37)),0)/2)*$F37*$F$35*20)) | BW37: =IF(BU37="","◄",IF(BU37="NE","~","")) | BY37: =IF(BX37="","",IF(BX37="NE","",(IFERROR(IF(ISNUMBER(BX37),BX37,VALUE(BX37)),0)/2)*$F37*$F$35*20)) | BZ37: =IF(BX37="","◄",IF(BX37="NE","~","")) | CB37: =IF(CA37="","",IF(CA37="NE","",(IFERROR(IF(ISNUMBER(CA37),CA37,VALUE(CA37)),0)/2)*$F37*$F$35*20)) | CC37: =IF(CA37="","◄",IF(CA37="NE","~","")) | CE37: =IF(CD37="","",IF(CD37="NE","",(IFERROR(IF(ISNUMBER(CD37),CD37,VALUE(CD37)),0)/2)*$F37*$F$35*20)) | CF37: =IF(CD37="","◄",IF(CD37="NE","~","")) | CH37: =IF(CG37="","",IF(CG37="NE","",(IFERROR(IF(ISNUMBER(CG37),CG37,VALUE(CG37)),0)/2)*$F37*$F$35*20)) | CI37: =IF(CG37="","◄",IF(CG37="NE","~","")) | CK37: =IF(CJ37="","",IF(CJ37="NE","",(IFERROR(IF(ISNUMBER(CJ37),CJ37,VALUE(CJ37)),0)/2)*$F37*$F$35*20)) | CL37: =IF(CJ37="","◄",IF(CJ37="NE","~","")) | CN37: =IF(CM37="","",IF(CM37="NE","",(IFERROR(IF(ISNUMBER(CM37),CM37,VALUE(CM37)),0)/2)*$F37*$F$35*20)) | CO37: =IF(CM37="","◄",IF(CM37="NE","~","")) | CQ37: =IF(CP37="","",IF(CP37="NE","",(IFERROR(IF(ISNUMBER(CP37),CP37,VALUE(CP37)),0)/2)*$F37*$F$35*20)) | CR37: =IF(CP37="","◄",IF(CP37="NE","~",""))
A38: 29 | B38: P5 | C38: Q5.2 | D38: Critère | E38: Charge totale = 9,81 × (2624 + 1250) = 38 004 N ; P_c par cornière = 38 004/4 = 9 501 N. | F38: 0.2 | H38: =IF(G38="","",IF(G38="NE","",(IFERROR(IF(ISNUMBER(G38),G38,VALUE(G38)),0)/2)*$F38*$F$35*20)) | I38: =IF(G38="","◄",IF(G38="NE","~","")) | K38: =IF(J38="","",IF(J38="NE","",(IFERROR(IF(ISNUMBER(J38),J38,VALUE(J38)),0)/2)*$F38*$F$35*20)) | L38: =IF(J38="","◄",IF(J38="NE","~","")) | N38: =IF(M38="","",IF(M38="NE","",(IFERROR(IF(ISNUMBER(M38),M38,VALUE(M38)),0)/2)*$F38*$F$35*20)) | O38: =IF(M38="","◄",IF(M38="NE","~","")) | Q38: =IF(P38="","",IF(P38="NE","",(IFERROR(IF(ISNUMBER(P38),P38,VALUE(P38)),0)/2)*$F38*$F$35*20)) | R38: =IF(P38="","◄",IF(P38="NE","~","")) | T38: =IF(S38="","",IF(S38="NE","",(IFERROR(IF(ISNUMBER(S38),S38,VALUE(S38)),0)/2)*$F38*$F$35*20)) | U38: =IF(S38="","◄",IF(S38="NE","~","")) | W38: =IF(V38="","",IF(V38="NE","",(IFERROR(IF(ISNUMBER(V38),V38,VALUE(V38)),0)/2)*$F38*$F$35*20)) | X38: =IF(V38="","◄",IF(V38="NE","~","")) | Z38: =IF(Y38="","",IF(Y38="NE","",(IFERROR(IF(ISNUMBER(Y38),Y38,VALUE(Y38)),0)/2)*$F38*$F$35*20)) | AA38: =IF(Y38="","◄",IF(Y38="NE","~","")) | AC38: =IF(AB38="","",IF(AB38="NE","",(IFERROR(IF(ISNUMBER(AB38),AB38,VALUE(AB38)),0)/2)*$F38*$F$35*20)) | AD38: =IF(AB38="","◄",IF(AB38="NE","~","")) | AF38: =IF(AE38="","",IF(AE38="NE","",(IFERROR(IF(ISNUMBER(AE38),AE38,VALUE(AE38)),0)/2)*$F38*$F$35*20)) | AG38: =IF(AE38="","◄",IF(AE38="NE","~","")) | AI38: =IF(AH38="","",IF(AH38="NE","",(IFERROR(IF(ISNUMBER(AH38),AH38,VALUE(AH38)),0)/2)*$F38*$F$35*20)) | AJ38: =IF(AH38="","◄",IF(AH38="NE","~","")) | AL38: =IF(AK38="","",IF(AK38="NE","",(IFERROR(IF(ISNUMBER(AK38),AK38,VALUE(AK38)),0)/2)*$F38*$F$35*20)) | AM38: =IF(AK38="","◄",IF(AK38="NE","~","")) | AO38: =IF(AN38="","",IF(AN38="NE","",(IFERROR(IF(ISNUMBER(AN38),AN38,VALUE(AN38)),0)/2)*$F38*$F$35*20)) | AP38: =IF(AN38="","◄",IF(AN38="NE","~","")) | AR38: =IF(AQ38="","",IF(AQ38="NE","",(IFERROR(IF(ISNUMBER(AQ38),AQ38,VALUE(AQ38)),0)/2)*$F38*$F$35*20)) | AS38: =IF(AQ38="","◄",IF(AQ38="NE","~","")) | AU38: =IF(AT38="","",IF(AT38="NE","",(IFERROR(IF(ISNUMBER(AT38),AT38,VALUE(AT38)),0)/2)*$F38*$F$35*20)) | AV38: =IF(AT38="","◄",IF(AT38="NE","~","")) | AX38: =IF(AW38="","",IF(AW38="NE","",(IFERROR(IF(ISNUMBER(AW38),AW38,VALUE(AW38)),0)/2)*$F38*$F$35*20)) | AY38: =IF(AW38="","◄",IF(AW38="NE","~","")) | BA38: =IF(AZ38="","",IF(AZ38="NE","",(IFERROR(IF(ISNUMBER(AZ38),AZ38,VALUE(AZ38)),0)/2)*$F38*$F$35*20)) | BB38: =IF(AZ38="","◄",IF(AZ38="NE","~","")) | BD38: =IF(BC38="","",IF(BC38="NE","",(IFERROR(IF(ISNUMBER(BC38),BC38,VALUE(BC38)),0)/2)*$F38*$F$35*20)) | BE38: =IF(BC38="","◄",IF(BC38="NE","~","")) | BG38: =IF(BF38="","",IF(BF38="NE","",(IFERROR(IF(ISNUMBER(BF38),BF38,VALUE(BF38)),0)/2)*$F38*$F$35*20)) | BH38: =IF(BF38="","◄",IF(BF38="NE","~","")) | BJ38: =IF(BI38="","",IF(BI38="NE","",(IFERROR(IF(ISNUMBER(BI38),BI38,VALUE(BI38)),0)/2)*$F38*$F$35*20)) | BK38: =IF(BI38="","◄",IF(BI38="NE","~","")) | BM38: =IF(BL38="","",IF(BL38="NE","",(IFERROR(IF(ISNUMBER(BL38),BL38,VALUE(BL38)),0)/2)*$F38*$F$35*20)) | BN38: =IF(BL38="","◄",IF(BL38="NE","~","")) | BP38: =IF(BO38="","",IF(BO38="NE","",(IFERROR(IF(ISNUMBER(BO38),BO38,VALUE(BO38)),0)/2)*$F38*$F$35*20)) | BQ38: =IF(BO38="","◄",IF(BO38="NE","~","")) | BS38: =IF(BR38="","",IF(BR38="NE","",(IFERROR(IF(ISNUMBER(BR38),BR38,VALUE(BR38)),0)/2)*$F38*$F$35*20)) | BT38: =IF(BR38="","◄",IF(BR38="NE","~","")) | BV38: =IF(BU38="","",IF(BU38="NE","",(IFERROR(IF(ISNUMBER(BU38),BU38,VALUE(BU38)),0)/2)*$F38*$F$35*20)) | BW38: =IF(BU38="","◄",IF(BU38="NE","~","")) | BY38: =IF(BX38="","",IF(BX38="NE","",(IFERROR(IF(ISNUMBER(BX38),BX38,VALUE(BX38)),0)/2)*$F38*$F$35*20)) | BZ38: =IF(BX38="","◄",IF(BX38="NE","~","")) | CB38: =IF(CA38="","",IF(CA38="NE","",(IFERROR(IF(ISNUMBER(CA38),CA38,VALUE(CA38)),0)/2)*$F38*$F$35*20)) | CC38: =IF(CA38="","◄",IF(CA38="NE","~","")) | CE38: =IF(CD38="","",IF(CD38="NE","",(IFERROR(IF(ISNUMBER(CD38),CD38,VALUE(CD38)),0)/2)*$F38*$F$35*20)) | CF38: =IF(CD38="","◄",IF(CD38="NE","~","")) | CH38: =IF(CG38="","",IF(CG38="NE","",(IFERROR(IF(ISNUMBER(CG38),CG38,VALUE(CG38)),0)/2)*$F38*$F$35*20)) | CI38: =IF(CG38="","◄",IF(CG38="NE","~","")) | CK38: =IF(CJ38="","",IF(CJ38="NE","",(IFERROR(IF(ISNUMBER(CJ38),CJ38,VALUE(CJ38)),0)/2)*$F38*$F$35*20)) | CL38: =IF(CJ38="","◄",IF(CJ38="NE","~","")) | CN38: =IF(CM38="","",IF(CM38="NE","",(IFERROR(IF(ISNUMBER(CM38),CM38,VALUE(CM38)),0)/2)*$F38*$F$35*20)) | CO38: =IF(CM38="","◄",IF(CM38="NE","~","")) | CQ38: =IF(CP38="","",IF(CP38="NE","",(IFERROR(IF(ISNUMBER(CP38),CP38,VALUE(CP38)),0)/2)*$F38*$F$35*20)) | CR38: =IF(CP38="","◄",IF(CP38="NE","~",""))
A39: 30 | B39: P5 | C39: Q5.3 | D39: Critère | E39: Surface dalle = 4 × 2,5 = 10 m². | F39: 0.05 | H39: =IF(G39="","",IF(G39="NE","",(IFERROR(IF(ISNUMBER(G39),G39,VALUE(G39)),0)/2)*$F39*$F$35*20)) | I39: =IF(G39="","◄",IF(G39="NE","~","")) | K39: =IF(J39="","",IF(J39="NE","",(IFERROR(IF(ISNUMBER(J39),J39,VALUE(J39)),0)/2)*$F39*$F$35*20)) | L39: =IF(J39="","◄",IF(J39="NE","~","")) | N39: =IF(M39="","",IF(M39="NE","",(IFERROR(IF(ISNUMBER(M39),M39,VALUE(M39)),0)/2)*$F39*$F$35*20)) | O39: =IF(M39="","◄",IF(M39="NE","~","")) | Q39: =IF(P39="","",IF(P39="NE","",(IFERROR(IF(ISNUMBER(P39),P39,VALUE(P39)),0)/2)*$F39*$F$35*20)) | R39: =IF(P39="","◄",IF(P39="NE","~","")) | T39: =IF(S39="","",IF(S39="NE","",(IFERROR(IF(ISNUMBER(S39),S39,VALUE(S39)),0)/2)*$F39*$F$35*20)) | U39: =IF(S39="","◄",IF(S39="NE","~","")) | W39: =IF(V39="","",IF(V39="NE","",(IFERROR(IF(ISNUMBER(V39),V39,VALUE(V39)),0)/2)*$F39*$F$35*20)) | X39: =IF(V39="","◄",IF(V39="NE","~","")) | Z39: =IF(Y39="","",IF(Y39="NE","",(IFERROR(IF(ISNUMBER(Y39),Y39,VALUE(Y39)),0)/2)*$F39*$F$35*20)) | AA39: =IF(Y39="","◄",IF(Y39="NE","~","")) | AC39: =IF(AB39="","",IF(AB39="NE","",(IFERROR(IF(ISNUMBER(AB39),AB39,VALUE(AB39)),0)/2)*$F39*$F$35*20)) | AD39: =IF(AB39="","◄",IF(AB39="NE","~","")) | AF39: =IF(AE39="","",IF(AE39="NE","",(IFERROR(IF(ISNUMBER(AE39),AE39,VALUE(AE39)),0)/2)*$F39*$F$35*20)) | AG39: =IF(AE39="","◄",IF(AE39="NE","~","")) | AI39: =IF(AH39="","",IF(AH39="NE","",(IFERROR(IF(ISNUMBER(AH39),AH39,VALUE(AH39)),0)/2)*$F39*$F$35*20)) | AJ39: =IF(AH39="","◄",IF(AH39="NE","~","")) | AL39: =IF(AK39="","",IF(AK39="NE","",(IFERROR(IF(ISNUMBER(AK39),AK39,VALUE(AK39)),0)/2)*$F39*$F$35*20)) | AM39: =IF(AK39="","◄",IF(AK39="NE","~","")) | AO39: =IF(AN39="","",IF(AN39="NE","",(IFERROR(IF(ISNUMBER(AN39),AN39,VALUE(AN39)),0)/2)*$F39*$F$35*20)) | AP39: =IF(AN39="","◄",IF(AN39="NE","~","")) | AR39: =IF(AQ39="","",IF(AQ39="NE","",(IFERROR(IF(ISNUMBER(AQ39),AQ39,VALUE(AQ39)),0)/2)*$F39*$F$35*20)) | AS39: =IF(AQ39="","◄",IF(AQ39="NE","~","")) | AU39: =IF(AT39="","",IF(AT39="NE","",(IFERROR(IF(ISNUMBER(AT39),AT39,VALUE(AT39)),0)/2)*$F39*$F$35*20)) | AV39: =IF(AT39="","◄",IF(AT39="NE","~","")) | AX39: =IF(AW39="","",IF(AW39="NE","",(IFERROR(IF(ISNUMBER(AW39),AW39,VALUE(AW39)),0)/2)*$F39*$F$35*20)) | AY39: =IF(AW39="","◄",IF(AW39="NE","~","")) | BA39: =IF(AZ39="","",IF(AZ39="NE","",(IFERROR(IF(ISNUMBER(AZ39),AZ39,VALUE(AZ39)),0)/2)*$F39*$F$35*20)) | BB39: =IF(AZ39="","◄",IF(AZ39="NE","~","")) | BD39: =IF(BC39="","",IF(BC39="NE","",(IFERROR(IF(ISNUMBER(BC39),BC39,VALUE(BC39)),0)/2)*$F39*$F$35*20)) | BE39: =IF(BC39="","◄",IF(BC39="NE","~","")) | BG39: =IF(BF39="","",IF(BF39="NE","",(IFERROR(IF(ISNUMBER(BF39),BF39,VALUE(BF39)),0)/2)*$F39*$F$35*20)) | BH39: =IF(BF39="","◄",IF(BF39="NE","~","")) | BJ39: =IF(BI39="","",IF(BI39="NE","",(IFERROR(IF(ISNUMBER(BI39),BI39,VALUE(BI39)),0)/2)*$F39*$F$35*20)) | BK39: =IF(BI39="","◄",IF(BI39="NE","~","")) | BM39: =IF(BL39="","",IF(BL39="NE","",(IFERROR(IF(ISNUMBER(BL39),BL39,VALUE(BL39)),0)/2)*$F39*$F$35*20)) | BN39: =IF(BL39="","◄",IF(BL39="NE","~","")) | BP39: =IF(BO39="","",IF(BO39="NE","",(IFERROR(IF(ISNUMBER(BO39),BO39,VALUE(BO39)),0)/2)*$F39*$F$35*20)) | BQ39: =IF(BO39="","◄",IF(BO39="NE","~","")) | BS39: =IF(BR39="","",IF(BR39="NE","",(IFERROR(IF(ISNUMBER(BR39),BR39,VALUE(BR39)),0)/2)*$F39*$F$35*20)) | BT39: =IF(BR39="","◄",IF(BR39="NE","~","")) | BV39: =IF(BU39="","",IF(BU39="NE","",(IFERROR(IF(ISNUMBER(BU39),BU39,VALUE(BU39)),0)/2)*$F39*$F$35*20)) | BW39: =IF(BU39="","◄",IF(BU39="NE","~","")) | BY39: =IF(BX39="","",IF(BX39="NE","",(IFERROR(IF(ISNUMBER(BX39),BX39,VALUE(BX39)),0)/2)*$F39*$F$35*20)) | BZ39: =IF(BX39="","◄",IF(BX39="NE","~","")) | CB39: =IF(CA39="","",IF(CA39="NE","",(IFERROR(IF(ISNUMBER(CA39),CA39,VALUE(CA39)),0)/2)*$F39*$F$35*20)) | CC39: =IF(CA39="","◄",IF(CA39="NE","~","")) | CE39: =IF(CD39="","",IF(CD39="NE","",(IFERROR(IF(ISNUMBER(CD39),CD39,VALUE(CD39)),0)/2)*$F39*$F$35*20)) | CF39: =IF(CD39="","◄",IF(CD39="NE","~","")) | CH39: =IF(CG39="","",IF(CG39="NE","",(IFERROR(IF(ISNUMBER(CG39),CG39,VALUE(CG39)),0)/2)*$F39*$F$35*20)) | CI39: =IF(CG39="","◄",IF(CG39="NE","~","")) | CK39: =IF(CJ39="","",IF(CJ39="NE","",(IFERROR(IF(ISNUMBER(CJ39),CJ39,VALUE(CJ39)),0)/2)*$F39*$F$35*20)) | CL39: =IF(CJ39="","◄",IF(CJ39="NE","~","")) | CN39: =IF(CM39="","",IF(CM39="NE","",(IFERROR(IF(ISNUMBER(CM39),CM39,VALUE(CM39)),0)/2)*$F39*$F$35*20)) | CO39: =IF(CM39="","◄",IF(CM39="NE","~","")) | CQ39: =IF(CP39="","",IF(CP39="NE","",(IFERROR(IF(ISNUMBER(CP39),CP39,VALUE(CP39)),0)/2)*$F39*$F$35*20)) | CR39: =IF(CP39="","◄",IF(CP39="NE","~",""))
A40: 31 | B40: P5 | C40: Q5.3 | D40: Critère | E40: σ_sol = 200 000 / 10 = 20 000 Pa = 0,02 MPa. | F40: 0.05 | H40: =IF(G40="","",IF(G40="NE","",(IFERROR(IF(ISNUMBER(G40),G40,VALUE(G40)),0)/2)*$F40*$F$35*20)) | I40: =IF(G40="","◄",IF(G40="NE","~","")) | K40: =IF(J40="","",IF(J40="NE","",(IFERROR(IF(ISNUMBER(J40),J40,VALUE(J40)),0)/2)*$F40*$F$35*20)) | L40: =IF(J40="","◄",IF(J40="NE","~","")) | N40: =IF(M40="","",IF(M40="NE","",(IFERROR(IF(ISNUMBER(M40),M40,VALUE(M40)),0)/2)*$F40*$F$35*20)) | O40: =IF(M40="","◄",IF(M40="NE","~","")) | Q40: =IF(P40="","",IF(P40="NE","",(IFERROR(IF(ISNUMBER(P40),P40,VALUE(P40)),0)/2)*$F40*$F$35*20)) | R40: =IF(P40="","◄",IF(P40="NE","~","")) | T40: =IF(S40="","",IF(S40="NE","",(IFERROR(IF(ISNUMBER(S40),S40,VALUE(S40)),0)/2)*$F40*$F$35*20)) | U40: =IF(S40="","◄",IF(S40="NE","~","")) | W40: =IF(V40="","",IF(V40="NE","",(IFERROR(IF(ISNUMBER(V40),V40,VALUE(V40)),0)/2)*$F40*$F$35*20)) | X40: =IF(V40="","◄",IF(V40="NE","~","")) | Z40: =IF(Y40="","",IF(Y40="NE","",(IFERROR(IF(ISNUMBER(Y40),Y40,VALUE(Y40)),0)/2)*$F40*$F$35*20)) | AA40: =IF(Y40="","◄",IF(Y40="NE","~","")) | AC40: =IF(AB40="","",IF(AB40="NE","",(IFERROR(IF(ISNUMBER(AB40),AB40,VALUE(AB40)),0)/2)*$F40*$F$35*20)) | AD40: =IF(AB40="","◄",IF(AB40="NE","~","")) | AF40: =IF(AE40="","",IF(AE40="NE","",(IFERROR(IF(ISNUMBER(AE40),AE40,VALUE(AE40)),0)/2)*$F40*$F$35*20)) | AG40: =IF(AE40="","◄",IF(AE40="NE","~","")) | AI40: =IF(AH40="","",IF(AH40="NE","",(IFERROR(IF(ISNUMBER(AH40),AH40,VALUE(AH40)),0)/2)*$F40*$F$35*20)) | AJ40: =IF(AH40="","◄",IF(AH40="NE","~","")) | AL40: =IF(AK40="","",IF(AK40="NE","",(IFERROR(IF(ISNUMBER(AK40),AK40,VALUE(AK40)),0)/2)*$F40*$F$35*20)) | AM40: =IF(AK40="","◄",IF(AK40="NE","~","")) | AO40: =IF(AN40="","",IF(AN40="NE","",(IFERROR(IF(ISNUMBER(AN40),AN40,VALUE(AN40)),0)/2)*$F40*$F$35*20)) | AP40: =IF(AN40="","◄",IF(AN40="NE","~","")) | AR40: =IF(AQ40="","",IF(AQ40="NE","",(IFERROR(IF(ISNUMBER(AQ40),AQ40,VALUE(AQ40)),0)/2)*$F40*$F$35*20)) | AS40: =IF(AQ40="","◄",IF(AQ40="NE","~","")) | AU40: =IF(AT40="","",IF(AT40="NE","",(IFERROR(IF(ISNUMBER(AT40),AT40,VALUE(AT40)),0)/2)*$F40*$F$35*20)) | AV40: =IF(AT40="","◄",IF(AT40="NE","~","")) | AX40: =IF(AW40="","",IF(AW40="NE","",(IFERROR(IF(ISNUMBER(AW40),AW40,VALUE(AW40)),0)/2)*$F40*$F$35*20)) | AY40: =IF(AW40="","◄",IF(AW40="NE","~","")) | BA40: =IF(AZ40="","",IF(AZ40="NE","",(IFERROR(IF(ISNUMBER(AZ40),AZ40,VALUE(AZ40)),0)/2)*$F40*$F$35*20)) | BB40: =IF(AZ40="","◄",IF(AZ40="NE","~","")) | BD40: =IF(BC40="","",IF(BC40="NE","",(IFERROR(IF(ISNUMBER(BC40),BC40,VALUE(BC40)),0)/2)*$F40*$F$35*20)) | BE40: =IF(BC40="","◄",IF(BC40="NE","~","")) | BG40: =IF(BF40="","",IF(BF40="NE","",(IFERROR(IF(ISNUMBER(BF40),BF40,VALUE(BF40)),0)/2)*$F40*$F$35*20)) | BH40: =IF(BF40="","◄",IF(BF40="NE","~","")) | BJ40: =IF(BI40="","",IF(BI40="NE","",(IFERROR(IF(ISNUMBER(BI40),BI40,VALUE(BI40)),0)/2)*$F40*$F$35*20)) | BK40: =IF(BI40="","◄",IF(BI40="NE","~","")) | BM40: =IF(BL40="","",IF(BL40="NE","",(IFERROR(IF(ISNUMBER(BL40),BL40,VALUE(BL40)),0)/2)*$F40*$F$35*20)) | BN40: =IF(BL40="","◄",IF(BL40="NE","~","")) | BP40: =IF(BO40="","",IF(BO40="NE","",(IFERROR(IF(ISNUMBER(BO40),BO40,VALUE(BO40)),0)/2)*$F40*$F$35*20)) | BQ40: =IF(BO40="","◄",IF(BO40="NE","~","")) | BS40: =IF(BR40="","",IF(BR40="NE","",(IFERROR(IF(ISNUMBER(BR40),BR40,VALUE(BR40)),0)/2)*$F40*$F$35*20)) | BT40: =IF(BR40="","◄",IF(BR40="NE","~","")) | BV40: =IF(BU40="","",IF(BU40="NE","",(IFERROR(IF(ISNUMBER(BU40),BU40,VALUE(BU40)),0)/2)*$F40*$F$35*20)) | BW40: =IF(BU40="","◄",IF(BU40="NE","~","")) | BY40: =IF(BX40="","",IF(BX40="NE","",(IFERROR(IF(ISNUMBER(BX40),BX40,VALUE(BX40)),0)/2)*$F40*$F$35*20)) | BZ40: =IF(BX40="","◄",IF(BX40="NE","~","")) | CB40: =IF(CA40="","",IF(CA40="NE","",(IFERROR(IF(ISNUMBER(CA40),CA40,VALUE(CA40)),0)/2)*$F40*$F$35*20)) | CC40: =IF(CA40="","◄",IF(CA40="NE","~","")) | CE40: =IF(CD40="","",IF(CD40="NE","",(IFERROR(IF(ISNUMBER(CD40),CD40,VALUE(CD40)),0)/2)*$F40*$F$35*20)) | CF40: =IF(CD40="","◄",IF(CD40="NE","~","")) | CH40: =IF(CG40="","",IF(CG40="NE","",(IFERROR(IF(ISNUMBER(CG40),CG40,VALUE(CG40)),0)/2)*$F40*$F$35*20)) | CI40: =IF(CG40="","◄",IF(CG40="NE","~","")) | CK40: =IF(CJ40="","",IF(CJ40="NE","",(IFERROR(IF(ISNUMBER(CJ40),CJ40,VALUE(CJ40)),0)/2)*$F40*$F$35*20)) | CL40: =IF(CJ40="","◄",IF(CJ40="NE","~","")) | CN40: =IF(CM40="","",IF(CM40="NE","",(IFERROR(IF(ISNUMBER(CM40),CM40,VALUE(CM40)),0)/2)*$F40*$F$35*20)) | CO40: =IF(CM40="","◄",IF(CM40="NE","~","")) | CQ40: =IF(CP40="","",IF(CP40="NE","",(IFERROR(IF(ISNUMBER(CP40),CP40,VALUE(CP40)),0)/2)*$F40*$F$35*20)) | CR40: =IF(CP40="","◄",IF(CP40="NE","~",""))
A41: 32 | B41: P5 | C41: Q5.3 | D41: Critère | E41: Conclusion : σ_sol (0,02 MPa) < résistance admissible (0,1 MPa) → le sol supporte la charge. | F41: 0.05 | H41: =IF(G41="","",IF(G41="NE","",(IFERROR(IF(ISNUMBER(G41),G41,VALUE(G41)),0)/2)*$F41*$F$35*20)) | I41: =IF(G41="","◄",IF(G41="NE","~","")) | K41: =IF(J41="","",IF(J41="NE","",(IFERROR(IF(ISNUMBER(J41),J41,VALUE(J41)),0)/2)*$F41*$F$35*20)) | L41: =IF(J41="","◄",IF(J41="NE","~","")) | N41: =IF(M41="","",IF(M41="NE","",(IFERROR(IF(ISNUMBER(M41),M41,VALUE(M41)),0)/2)*$F41*$F$35*20)) | O41: =IF(M41="","◄",IF(M41="NE","~","")) | Q41: =IF(P41="","",IF(P41="NE","",(IFERROR(IF(ISNUMBER(P41),P41,VALUE(P41)),0)/2)*$F41*$F$35*20)) | R41: =IF(P41="","◄",IF(P41="NE","~","")) | T41: =IF(S41="","",IF(S41="NE","",(IFERROR(IF(ISNUMBER(S41),S41,VALUE(S41)),0)/2)*$F41*$F$35*20)) | U41: =IF(S41="","◄",IF(S41="NE","~","")) | W41: =IF(V41="","",IF(V41="NE","",(IFERROR(IF(ISNUMBER(V41),V41,VALUE(V41)),0)/2)*$F41*$F$35*20)) | X41: =IF(V41="","◄",IF(V41="NE","~","")) | Z41: =IF(Y41="","",IF(Y41="NE","",(IFERROR(IF(ISNUMBER(Y41),Y41,VALUE(Y41)),0)/2)*$F41*$F$35*20)) | AA41: =IF(Y41="","◄",IF(Y41="NE","~","")) | AC41: =IF(AB41="","",IF(AB41="NE","",(IFERROR(IF(ISNUMBER(AB41),AB41,VALUE(AB41)),0)/2)*$F41*$F$35*20)) | AD41: =IF(AB41="","◄",IF(AB41="NE","~","")) | AF41: =IF(AE41="","",IF(AE41="NE","",(IFERROR(IF(ISNUMBER(AE41),AE41,VALUE(AE41)),0)/2)*$F41*$F$35*20)) | AG41: =IF(AE41="","◄",IF(AE41="NE","~","")) | AI41: =IF(AH41="","",IF(AH41="NE","",(IFERROR(IF(ISNUMBER(AH41),AH41,VALUE(AH41)),0)/2)*$F41*$F$35*20)) | AJ41: =IF(AH41="","◄",IF(AH41="NE","~","")) | AL41: =IF(AK41="","",IF(AK41="NE","",(IFERROR(IF(ISNUMBER(AK41),AK41,VALUE(AK41)),0)/2)*$F41*$F$35*20)) | AM41: =IF(AK41="","◄",IF(AK41="NE","~","")) | AO41: =IF(AN41="","",IF(AN41="NE","",(IFERROR(IF(ISNUMBER(AN41),AN41,VALUE(AN41)),0)/2)*$F41*$F$35*20)) | AP41: =IF(AN41="","◄",IF(AN41="NE","~","")) | AR41: =IF(AQ41="","",IF(AQ41="NE","",(IFERROR(IF(ISNUMBER(AQ41),AQ41,VALUE(AQ41)),0)/2)*$F41*$F$35*20)) | AS41: =IF(AQ41="","◄",IF(AQ41="NE","~","")) | AU41: =IF(AT41="","",IF(AT41="NE","",(IFERROR(IF(ISNUMBER(AT41),AT41,VALUE(AT41)),0)/2)*$F41*$F$35*20)) | AV41: =IF(AT41="","◄",IF(AT41="NE","~","")) | AX41: =IF(AW41="","",IF(AW41="NE","",(IFERROR(IF(ISNUMBER(AW41),AW41,VALUE(AW41)),0)/2)*$F41*$F$35*20)) | AY41: =IF(AW41="","◄",IF(AW41="NE","~","")) | BA41: =IF(AZ41="","",IF(AZ41="NE","",(IFERROR(IF(ISNUMBER(AZ41),AZ41,VALUE(AZ41)),0)/2)*$F41*$F$35*20)) | BB41: =IF(AZ41="","◄",IF(AZ41="NE","~","")) | BD41: =IF(BC41="","",IF(BC41="NE","",(IFERROR(IF(ISNUMBER(BC41),BC41,VALUE(BC41)),0)/2)*$F41*$F$35*20)) | BE41: =IF(BC41="","◄",IF(BC41="NE","~","")) | BG41: =IF(BF41="","",IF(BF41="NE","",(IFERROR(IF(ISNUMBER(BF41),BF41,VALUE(BF41)),0)/2)*$F41*$F$35*20)) | BH41: =IF(BF41="","◄",IF(BF41="NE","~","")) | BJ41: =IF(BI41="","",IF(BI41="NE","",(IFERROR(IF(ISNUMBER(BI41),BI41,VALUE(BI41)),0)/2)*$F41*$F$35*20)) | BK41: =IF(BI41="","◄",IF(BI41="NE","~","")) | BM41: =IF(BL41="","",IF(BL41="NE","",(IFERROR(IF(ISNUMBER(BL41),BL41,VALUE(BL41)),0)/2)*$F41*$F$35*20)) | BN41: =IF(BL41="","◄",IF(BL41="NE","~","")) | BP41: =IF(BO41="","",IF(BO41="NE","",(IFERROR(IF(ISNUMBER(BO41),BO41,VALUE(BO41)),0)/2)*$F41*$F$35*20)) | BQ41: =IF(BO41="","◄",IF(BO41="NE","~","")) | BS41: =IF(BR41="","",IF(BR41="NE","",(IFERROR(IF(ISNUMBER(BR41),BR41,VALUE(BR41)),0)/2)*$F41*$F$35*20)) | BT41: =IF(BR41="","◄",IF(BR41="NE","~","")) | BV41: =IF(BU41="","",IF(BU41="NE","",(IFERROR(IF(ISNUMBER(BU41),BU41,VALUE(BU41)),0)/2)*$F41*$F$35*20)) | BW41: =IF(BU41="","◄",IF(BU41="NE","~","")) | BY41: =IF(BX41="","",IF(BX41="NE","",(IFERROR(IF(ISNUMBER(BX41),BX41,VALUE(BX41)),0)/2)*$F41*$F$35*20)) | BZ41: =IF(BX41="","◄",IF(BX41="NE","~","")) | CB41: =IF(CA41="","",IF(CA41="NE","",(IFERROR(IF(ISNUMBER(CA41),CA41,VALUE(CA41)),0)/2)*$F41*$F$35*20)) | CC41: =IF(CA41="","◄",IF(CA41="NE","~","")) | CE41: =IF(CD41="","",IF(CD41="NE","",(IFERROR(IF(ISNUMBER(CD41),CD41,VALUE(CD41)),0)/2)*$F41*$F$35*20)) | CF41: =IF(CD41="","◄",IF(CD41="NE","~","")) | CH41: =IF(CG41="","",IF(CG41="NE","",(IFERROR(IF(ISNUMBER(CG41),CG41,VALUE(CG41)),0)/2)*$F41*$F$35*20)) | CI41: =IF(CG41="","◄",IF(CG41="NE","~","")) | CK41: =IF(CJ41="","",IF(CJ41="NE","",(IFERROR(IF(ISNUMBER(CJ41),CJ41,VALUE(CJ41)),0)/2)*$F41*$F$35*20)) | CL41: =IF(CJ41="","◄",IF(CJ41="NE","~","")) | CN41: =IF(CM41="","",IF(CM41="NE","",(IFERROR(IF(ISNUMBER(CM41),CM41,VALUE(CM41)),0)/2)*$F41*$F$35*20)) | CO41: =IF(CM41="","◄",IF(CM41="NE","~","")) | CQ41: =IF(CP41="","",IF(CP41="NE","",(IFERROR(IF(ISNUMBER(CP41),CP41,VALUE(CP41)),0)/2)*$F41*$F$35*20)) | CR41: =IF(CP41="","◄",IF(CP41="NE","~",""))
A42: 33 | B42: P5 | C42: Q5.4 | D42: Critère | E42: Brûler le méthane est écologiquement plus intéressant que le relâcher dans l'atmosphère. | F42: 0.1 | H42: =IF(G42="","",IF(G42="NE","",(IFERROR(IF(ISNUMBER(G42),G42,VALUE(G42)),0)/2)*$F42*$F$35*20)) | I42: =IF(G42="","◄",IF(G42="NE","~","")) | K42: =IF(J42="","",IF(J42="NE","",(IFERROR(IF(ISNUMBER(J42),J42,VALUE(J42)),0)/2)*$F42*$F$35*20)) | L42: =IF(J42="","◄",IF(J42="NE","~","")) | N42: =IF(M42="","",IF(M42="NE","",(IFERROR(IF(ISNUMBER(M42),M42,VALUE(M42)),0)/2)*$F42*$F$35*20)) | O42: =IF(M42="","◄",IF(M42="NE","~","")) | Q42: =IF(P42="","",IF(P42="NE","",(IFERROR(IF(ISNUMBER(P42),P42,VALUE(P42)),0)/2)*$F42*$F$35*20)) | R42: =IF(P42="","◄",IF(P42="NE","~","")) | T42: =IF(S42="","",IF(S42="NE","",(IFERROR(IF(ISNUMBER(S42),S42,VALUE(S42)),0)/2)*$F42*$F$35*20)) | U42: =IF(S42="","◄",IF(S42="NE","~","")) | W42: =IF(V42="","",IF(V42="NE","",(IFERROR(IF(ISNUMBER(V42),V42,VALUE(V42)),0)/2)*$F42*$F$35*20)) | X42: =IF(V42="","◄",IF(V42="NE","~","")) | Z42: =IF(Y42="","",IF(Y42="NE","",(IFERROR(IF(ISNUMBER(Y42),Y42,VALUE(Y42)),0)/2)*$F42*$F$35*20)) | AA42: =IF(Y42="","◄",IF(Y42="NE","~","")) | AC42: =IF(AB42="","",IF(AB42="NE","",(IFERROR(IF(ISNUMBER(AB42),AB42,VALUE(AB42)),0)/2)*$F42*$F$35*20)) | AD42: =IF(AB42="","◄",IF(AB42="NE","~","")) | AF42: =IF(AE42="","",IF(AE42="NE","",(IFERROR(IF(ISNUMBER(AE42),AE42,VALUE(AE42)),0)/2)*$F42*$F$35*20)) | AG42: =IF(AE42="","◄",IF(AE42="NE","~","")) | AI42: =IF(AH42="","",IF(AH42="NE","",(IFERROR(IF(ISNUMBER(AH42),AH42,VALUE(AH42)),0)/2)*$F42*$F$35*20)) | AJ42: =IF(AH42="","◄",IF(AH42="NE","~","")) | AL42: =IF(AK42="","",IF(AK42="NE","",(IFERROR(IF(ISNUMBER(AK42),AK42,VALUE(AK42)),0)/2)*$F42*$F$35*20)) | AM42: =IF(AK42="","◄",IF(AK42="NE","~","")) | AO42: =IF(AN42="","",IF(AN42="NE","",(IFERROR(IF(ISNUMBER(AN42),AN42,VALUE(AN42)),0)/2)*$F42*$F$35*20)) | AP42: =IF(AN42="","◄",IF(AN42="NE","~","")) | AR42: =IF(AQ42="","",IF(AQ42="NE","",(IFERROR(IF(ISNUMBER(AQ42),AQ42,VALUE(AQ42)),0)/2)*$F42*$F$35*20)) | AS42: =IF(AQ42="","◄",IF(AQ42="NE","~","")) | AU42: =IF(AT42="","",IF(AT42="NE","",(IFERROR(IF(ISNUMBER(AT42),AT42,VALUE(AT42)),0)/2)*$F42*$F$35*20)) | AV42: =IF(AT42="","◄",IF(AT42="NE","~","")) | AX42: =IF(AW42="","",IF(AW42="NE","",(IFERROR(IF(ISNUMBER(AW42),AW42,VALUE(AW42)),0)/2)*$F42*$F$35*20)) | AY42: =IF(AW42="","◄",IF(AW42="NE","~","")) | BA42: =IF(AZ42="","",IF(AZ42="NE","",(IFERROR(IF(ISNUMBER(AZ42),AZ42,VALUE(AZ42)),0)/2)*$F42*$F$35*20)) | BB42: =IF(AZ42="","◄",IF(AZ42="NE","~","")) | BD42: =IF(BC42="","",IF(BC42="NE","",(IFERROR(IF(ISNUMBER(BC42),BC42,VALUE(BC42)),0)/2)*$F42*$F$35*20)) | BE42: =IF(BC42="","◄",IF(BC42="NE","~","")) | BG42: =IF(BF42="","",IF(BF42="NE","",(IFERROR(IF(ISNUMBER(BF42),BF42,VALUE(BF42)),0)/2)*$F42*$F$35*20)) | BH42: =IF(BF42="","◄",IF(BF42="NE","~","")) | BJ42: =IF(BI42="","",IF(BI42="NE","",(IFERROR(IF(ISNUMBER(BI42),BI42,VALUE(BI42)),0)/2)*$F42*$F$35*20)) | BK42: =IF(BI42="","◄",IF(BI42="NE","~","")) | BM42: =IF(BL42="","",IF(BL42="NE","",(IFERROR(IF(ISNUMBER(BL42),BL42,VALUE(BL42)),0)/2)*$F42*$F$35*20)) | BN42: =IF(BL42="","◄",IF(BL42="NE","~","")) | BP42: =IF(BO42="","",IF(BO42="NE","",(IFERROR(IF(ISNUMBER(BO42),BO42,VALUE(BO42)),0)/2)*$F42*$F$35*20)) | BQ42: =IF(BO42="","◄",IF(BO42="NE","~","")) | BS42: =IF(BR42="","",IF(BR42="NE","",(IFERROR(IF(ISNUMBER(BR42),BR42,VALUE(BR42)),0)/2)*$F42*$F$35*20)) | BT42: =IF(BR42="","◄",IF(BR42="NE","~","")) | BV42: =IF(BU42="","",IF(BU42="NE","",(IFERROR(IF(ISNUMBER(BU42),BU42,VALUE(BU42)),0)/2)*$F42*$F$35*20)) | BW42: =IF(BU42="","◄",IF(BU42="NE","~","")) | BY42: =IF(BX42="","",IF(BX42="NE","",(IFERROR(IF(ISNUMBER(BX42),BX42,VALUE(BX42)),0)/2)*$F42*$F$35*20)) | BZ42: =IF(BX42="","◄",IF(BX42="NE","~","")) | CB42: =IF(CA42="","",IF(CA42="NE","",(IFERROR(IF(ISNUMBER(CA42),CA42,VALUE(CA42)),0)/2)*$F42*$F$35*20)) | CC42: =IF(CA42="","◄",IF(CA42="NE","~","")) | CE42: =IF(CD42="","",IF(CD42="NE","",(IFERROR(IF(ISNUMBER(CD42),CD42,VALUE(CD42)),0)/2)*$F42*$F$35*20)) | CF42: =IF(CD42="","◄",IF(CD42="NE","~","")) | CH42: =IF(CG42="","",IF(CG42="NE","",(IFERROR(IF(ISNUMBER(CG42),CG42,VALUE(CG42)),0)/2)*$F42*$F$35*20)) | CI42: =IF(CG42="","◄",IF(CG42="NE","~","")) | CK42: =IF(CJ42="","",IF(CJ42="NE","",(IFERROR(IF(ISNUMBER(CJ42),CJ42,VALUE(CJ42)),0)/2)*$F42*$F$35*20)) | CL42: =IF(CJ42="","◄",IF(CJ42="NE","~","")) | CN42: =IF(CM42="","",IF(CM42="NE","",(IFERROR(IF(ISNUMBER(CM42),CM42,VALUE(CM42)),0)/2)*$F42*$F$35*20)) | CO42: =IF(CM42="","◄",IF(CM42="NE","~","")) | CQ42: =IF(CP42="","",IF(CP42="NE","",(IFERROR(IF(ISNUMBER(CP42),CP42,VALUE(CP42)),0)/2)*$F42*$F$35*20)) | CR42: =IF(CP42="","◄",IF(CP42="NE","~",""))
A43: 34 | B43: P5 | C43: Q5.4 | D43: Critère | E43: La dalle existante et le sol sont capables de supporter l'installation complète. | F43: 0.1 | H43: =IF(G43="","",IF(G43="NE","",(IFERROR(IF(ISNUMBER(G43),G43,VALUE(G43)),0)/2)*$F43*$F$35*20)) | I43: =IF(G43="","◄",IF(G43="NE","~","")) | K43: =IF(J43="","",IF(J43="NE","",(IFERROR(IF(ISNUMBER(J43),J43,VALUE(J43)),0)/2)*$F43*$F$35*20)) | L43: =IF(J43="","◄",IF(J43="NE","~","")) | N43: =IF(M43="","",IF(M43="NE","",(IFERROR(IF(ISNUMBER(M43),M43,VALUE(M43)),0)/2)*$F43*$F$35*20)) | O43: =IF(M43="","◄",IF(M43="NE","~","")) | Q43: =IF(P43="","",IF(P43="NE","",(IFERROR(IF(ISNUMBER(P43),P43,VALUE(P43)),0)/2)*$F43*$F$35*20)) | R43: =IF(P43="","◄",IF(P43="NE","~","")) | T43: =IF(S43="","",IF(S43="NE","",(IFERROR(IF(ISNUMBER(S43),S43,VALUE(S43)),0)/2)*$F43*$F$35*20)) | U43: =IF(S43="","◄",IF(S43="NE","~","")) | W43: =IF(V43="","",IF(V43="NE","",(IFERROR(IF(ISNUMBER(V43),V43,VALUE(V43)),0)/2)*$F43*$F$35*20)) | X43: =IF(V43="","◄",IF(V43="NE","~","")) | Z43: =IF(Y43="","",IF(Y43="NE","",(IFERROR(IF(ISNUMBER(Y43),Y43,VALUE(Y43)),0)/2)*$F43*$F$35*20)) | AA43: =IF(Y43="","◄",IF(Y43="NE","~","")) | AC43: =IF(AB43="","",IF(AB43="NE","",(IFERROR(IF(ISNUMBER(AB43),AB43,VALUE(AB43)),0)/2)*$F43*$F$35*20)) | AD43: =IF(AB43="","◄",IF(AB43="NE","~","")) | AF43: =IF(AE43="","",IF(AE43="NE","",(IFERROR(IF(ISNUMBER(AE43),AE43,VALUE(AE43)),0)/2)*$F43*$F$35*20)) | AG43: =IF(AE43="","◄",IF(AE43="NE","~","")) | AI43: =IF(AH43="","",IF(AH43="NE","",(IFERROR(IF(ISNUMBER(AH43),AH43,VALUE(AH43)),0)/2)*$F43*$F$35*20)) | AJ43: =IF(AH43="","◄",IF(AH43="NE","~","")) | AL43: =IF(AK43="","",IF(AK43="NE","",(IFERROR(IF(ISNUMBER(AK43),AK43,VALUE(AK43)),0)/2)*$F43*$F$35*20)) | AM43: =IF(AK43="","◄",IF(AK43="NE","~","")) | AO43: =IF(AN43="","",IF(AN43="NE","",(IFERROR(IF(ISNUMBER(AN43),AN43,VALUE(AN43)),0)/2)*$F43*$F$35*20)) | AP43: =IF(AN43="","◄",IF(AN43="NE","~","")) | AR43: =IF(AQ43="","",IF(AQ43="NE","",(IFERROR(IF(ISNUMBER(AQ43),AQ43,VALUE(AQ43)),0)/2)*$F43*$F$35*20)) | AS43: =IF(AQ43="","◄",IF(AQ43="NE","~","")) | AU43: =IF(AT43="","",IF(AT43="NE","",(IFERROR(IF(ISNUMBER(AT43),AT43,VALUE(AT43)),0)/2)*$F43*$F$35*20)) | AV43: =IF(AT43="","◄",IF(AT43="NE","~","")) | AX43: =IF(AW43="","",IF(AW43="NE","",(IFERROR(IF(ISNUMBER(AW43),AW43,VALUE(AW43)),0)/2)*$F43*$F$35*20)) | AY43: =IF(AW43="","◄",IF(AW43="NE","~","")) | BA43: =IF(AZ43="","",IF(AZ43="NE","",(IFERROR(IF(ISNUMBER(AZ43),AZ43,VALUE(AZ43)),0)/2)*$F43*$F$35*20)) | BB43: =IF(AZ43="","◄",IF(AZ43="NE","~","")) | BD43: =IF(BC43="","",IF(BC43="NE","",(IFERROR(IF(ISNUMBER(BC43),BC43,VALUE(BC43)),0)/2)*$F43*$F$35*20)) | BE43: =IF(BC43="","◄",IF(BC43="NE","~","")) | BG43: =IF(BF43="","",IF(BF43="NE","",(IFERROR(IF(ISNUMBER(BF43),BF43,VALUE(BF43)),0)/2)*$F43*$F$35*20)) | BH43: =IF(BF43="","◄",IF(BF43="NE","~","")) | BJ43: =IF(BI43="","",IF(BI43="NE","",(IFERROR(IF(ISNUMBER(BI43),BI43,VALUE(BI43)),0)/2)*$F43*$F$35*20)) | BK43: =IF(BI43="","◄",IF(BI43="NE","~","")) | BM43: =IF(BL43="","",IF(BL43="NE","",(IFERROR(IF(ISNUMBER(BL43),BL43,VALUE(BL43)),0)/2)*$F43*$F$35*20)) | BN43: =IF(BL43="","◄",IF(BL43="NE","~","")) | BP43: =IF(BO43="","",IF(BO43="NE","",(IFERROR(IF(ISNUMBER(BO43),BO43,VALUE(BO43)),0)/2)*$F43*$F$35*20)) | BQ43: =IF(BO43="","◄",IF(BO43="NE","~","")) | BS43: =IF(BR43="","",IF(BR43="NE","",(IFERROR(IF(ISNUMBER(BR43),BR43,VALUE(BR43)),0)/2)*$F43*$F$35*20)) | BT43: =IF(BR43="","◄",IF(BR43="NE","~","")) | BV43: =IF(BU43="","",IF(BU43="NE","",(IFERROR(IF(ISNUMBER(BU43),BU43,VALUE(BU43)),0)/2)*$F43*$F$35*20)) | BW43: =IF(BU43="","◄",IF(BU43="NE","~","")) | BY43: =IF(BX43="","",IF(BX43="NE","",(IFERROR(IF(ISNUMBER(BX43),BX43,VALUE(BX43)),0)/2)*$F43*$F$35*20)) | BZ43: =IF(BX43="","◄",IF(BX43="NE","~","")) | CB43: =IF(CA43="","",IF(CA43="NE","",(IFERROR(IF(ISNUMBER(CA43),CA43,VALUE(CA43)),0)/2)*$F43*$F$35*20)) | CC43: =IF(CA43="","◄",IF(CA43="NE","~","")) | CE43: =IF(CD43="","",IF(CD43="NE","",(IFERROR(IF(ISNUMBER(CD43),CD43,VALUE(CD43)),0)/2)*$F43*$F$35*20)) | CF43: =IF(CD43="","◄",IF(CD43="NE","~","")) | CH43: =IF(CG43="","",IF(CG43="NE","",(IFERROR(IF(ISNUMBER(CG43),CG43,VALUE(CG43)),0)/2)*$F43*$F$35*20)) | CI43: =IF(CG43="","◄",IF(CG43="NE","~","")) | CK43: =IF(CJ43="","",IF(CJ43="NE","",(IFERROR(IF(ISNUMBER(CJ43),CJ43,VALUE(CJ43)),0)/2)*$F43*$F$35*20)) | CL43: =IF(CJ43="","◄",IF(CJ43="NE","~","")) | CN43: =IF(CM43="","",IF(CM43="NE","",(IFERROR(IF(ISNUMBER(CM43),CM43,VALUE(CM43)),0)/2)*$F43*$F$35*20)) | CO43: =IF(CM43="","◄",IF(CM43="NE","~","")) | CQ43: =IF(CP43="","",IF(CP43="NE","",(IFERROR(IF(ISNUMBER(CP43),CP43,VALUE(CP43)),0)/2)*$F43*$F$35*20)) | CR43: =IF(CP43="","◄",IF(CP43="NE","~",""))
E45: Audit Σ(poids critères) par partie (doit valoir 1,00 pour chaque P) | F45: =SUM($F$6:$F$12)+SUM($F$14:$F$21)+SUM($F$23:$F$26)+SUM($F$28:$F$34)+SUM($F$36:$F$43)
E47: NOTE FINALE / 20 | H47: =IFERROR((SUM(H6:H12)+SUM(H14:H21)+SUM(H23:H26)+SUM(H28:H34)+SUM(H36:H43))/(SUMPRODUCT(($F$6:$F$12)*(G6:G12<>"")*(G6:G12<>"NE"))*$F$5+SUMPRODUCT(($F$14:$F$21)*(G14:G21<>"")*(G14:G21<>"NE"))*$F$13+SUMPRODUCT(($F$23:$F$26)*(G23:G26<>"")*(G23:G26<>"NE"))*$F$22+SUMPRODUCT(($F$28:$F$34)*(G28:G34<>"")*(G28:G34<>"NE"))*$F$27+SUMPRODUCT(($F$36:$F$43)*(G36:G43<>"")*(G36:G43<>"NE"))*$F$35),"") | K47: =IFERROR((SUM(K6:K12)+SUM(K14:K21)+SUM(K23:K26)+SUM(K28:K34)+SUM(K36:K43))/(SUMPRODUCT(($F$6:$F$12)*(J6:J12<>"")*(J6:J12<>"NE"))*$F$5+SUMPRODUCT(($F$14:$F$21)*(J14:J21<>"")*(J14:J21<>"NE"))*$F$13+SUMPRODUCT(($F$23:$F$26)*(J23:J26<>"")*(J23:J26<>"NE"))*$F$22+SUMPRODUCT(($F$28:$F$34)*(J28:J34<>"")*(J28:J34<>"NE"))*$F$27+SUMPRODUCT(($F$36:$F$43)*(J36:J43<>"")*(J36:J43<>"NE"))*$F$35),"") | N47: =IFERROR((SUM(N6:N12)+SUM(N14:N21)+SUM(N23:N26)+SUM(N28:N34)+SUM(N36:N43))/(SUMPRODUCT(($F$6:$F$12)*(M6:M12<>"")*(M6:M12<>"NE"))*$F$5+SUMPRODUCT(($F$14:$F$21)*(M14:M21<>"")*(M14:M21<>"NE"))*$F$13+SUMPRODUCT(($F$23:$F$26)*(M23:M26<>"")*(M23:M26<>"NE"))*$F$22+SUMPRODUCT(($F$28:$F$34)*(M28:M34<>"")*(M28:M34<>"NE"))*$F$27+SUMPRODUCT(($F$36:$F$43)*(M36:M43<>"")*(M36:M43<>"NE"))*$F$35),"") | Q47: =IFERROR((SUM(Q6:Q12)+SUM(Q14:Q21)+SUM(Q23:Q26)+SUM(Q28:Q34)+SUM(Q36:Q43))/(SUMPRODUCT(($F$6:$F$12)*(P6:P12<>"")*(P6:P12<>"NE"))*$F$5+SUMPRODUCT(($F$14:$F$21)*(P14:P21<>"")*(P14:P21<>"NE"))*$F$13+SUMPRODUCT(($F$23:$F$26)*(P23:P26<>"")*(P23:P26<>"NE"))*$F$22+SUMPRODUCT(($F$28:$F$34)*(P28:P34<>"")*(P28:P34<>"NE"))*$F$27+SUMPRODUCT(($F$36:$F$43)*(P36:P43<>"")*(P36:P43<>"NE"))*$F$35),"") | T47: =IFERROR((SUM(T6:T12)+SUM(T14:T21)+SUM(T23:T26)+SUM(T28:T34)+SUM(T36:T43))/(SUMPRODUCT(($F$6:$F$12)*(S6:S12<>"")*(S6:S12<>"NE"))*$F$5+SUMPRODUCT(($F$14:$F$21)*(S14:S21<>"")*(S14:S21<>"NE"))*$F$13+SUMPRODUCT(($F$23:$F$26)*(S23:S26<>"")*(S23:S26<>"NE"))*$F$22+SUMPRODUCT(($F$28:$F$34)*(S28:S34<>"")*(S28:S34<>"NE"))*$F$27+SUMPRODUCT(($F$36:$F$43)*(S36:S43<>"")*(S36:S43<>"NE"))*$F$35),"") | W47: =IFERROR((SUM(W6:W12)+SUM(W14:W21)+SUM(W23:W26)+SUM(W28:W34)+SUM(W36:W43))/(SUMPRODUCT(($F$6:$F$12)*(V6:V12<>"")*(V6:V12<>"NE"))*$F$5+SUMPRODUCT(($F$14:$F$21)*(V14:V21<>"")*(V14:V21<>"NE"))*$F$13+SUMPRODUCT(($F$23:$F$26)*(V23:V26<>"")*(V23:V26<>"NE"))*$F$22+SUMPRODUCT(($F$28:$F$34)*(V28:V34<>"")*(V28:V34<>"NE"))*$F$27+SUMPRODUCT(($F$36:$F$43)*(V36:V43<>"")*(V36:V43<>"NE"))*$F$35),"") | Z47: =IFERROR((SUM(Z6:Z12)+SUM(Z14:Z21)+SUM(Z23:Z26)+SUM(Z28:Z34)+SUM(Z36:Z43))/(SUMPRODUCT(($F$6:$F$12)*(Y6:Y12<>"")*(Y6:Y12<>"NE"))*$F$5+SUMPRODUCT(($F$14:$F$21)*(Y14:Y21<>"")*(Y14:Y21<>"NE"))*$F$13+SUMPRODUCT(($F$23:$F$26)*(Y23:Y26<>"")*(Y23:Y26<>"NE"))*$F$22+SUMPRODUCT(($F$28:$F$34)*(Y28:Y34<>"")*(Y28:Y34<>"NE"))*$F$27+SUMPRODUCT(($F$36:$F$43)*(Y36:Y43<>"")*(Y36:Y43<>"NE"))*$F$35),"") | AC47: =IFERROR((SUM(AC6:AC12)+SUM(AC14:AC21)+SUM(AC23:AC26)+SUM(AC28:AC34)+SUM(AC36:AC43))/(SUMPRODUCT(($F$6:$F$12)*(AB6:AB12<>"")*(AB6:AB12<>"NE"))*$F$5+SUMPRODUCT(($F$14:$F$21)*(AB14:AB21<>"")*(AB14:AB21<>"NE"))*$F$13+SUMPRODUCT(($F$23:$F$26)*(AB23:AB26<>"")*(AB23:AB26<>"NE"))*$F$22+SUMPRODUCT(($F$28:$F$34)*(AB28:AB34<>"")*(AB28:AB34<>"NE"))*$F$27+SUMPRODUCT(($F$36:$F$43)*(AB36:AB43<>"")*(AB36:AB43<>"NE"))*$F$35),"") | AF47: =IFERROR((SUM(AF6:AF12)+SUM(AF14:AF21)+SUM(AF23:AF26)+SUM(AF28:AF34)+SUM(AF36:AF43))/(SUMPRODUCT(($F$6:$F$12)*(AE6:AE12<>"")*(AE6:AE12<>"NE"))*$F$5+SUMPRODUCT(($F$14:$F$21)*(AE14:AE21<>"")*(AE14:AE21<>"NE"))*$F$13+SUMPRODUCT(($F$23:$F$26)*(AE23:AE26<>"")*(AE23:AE26<>"NE"))*$F$22+SUMPRODUCT(($F$28:$F$34)*(AE28:AE34<>"")*(AE28:AE34<>"NE"))*$F$27+SUMPRODUCT(($F$36:$F$43)*(AE36:AE43<>"")*(AE36:AE43<>"NE"))*$F$35),"") | AI47: =IFERROR((SUM(AI6:AI12)+SUM(AI14:AI21)+SUM(AI23:AI26)+SUM(AI28:AI34)+SUM(AI36:AI43))/(SUMPRODUCT(($F$6:$F$12)*(AH6:AH12<>"")*(AH6:AH12<>"NE"))*$F$5+SUMPRODUCT(($F$14:$F$21)*(AH14:AH21<>"")*(AH14:AH21<>"NE"))*$F$13+SUMPRODUCT(($F$23:$F$26)*(AH23:AH26<>"")*(AH23:AH26<>"NE"))*$F$22+SUMPRODUCT(($F$28:$F$34)*(AH28:AH34<>"")*(AH28:AH34<>"NE"))*$F$27+SUMPRODUCT(($F$36:$F$43)*(AH36:AH43<>"")*(AH36:AH43<>"NE"))*$F$35),"") | AL47: =IFERROR((SUM(AL6:AL12)+SUM(AL14:AL21)+SUM(AL23:AL26)+SUM(AL28:AL34)+SUM(AL36:AL43))/(SUMPRODUCT(($F$6:$F$12)*(AK6:AK12<>"")*(AK6:AK12<>"NE"))*$F$5+SUMPRODUCT(($F$14:$F$21)*(AK14:AK21<>"")*(AK14:AK21<>"NE"))*$F$13+SUMPRODUCT(($F$23:$F$26)*(AK23:AK26<>"")*(AK23:AK26<>"NE"))*$F$22+SUMPRODUCT(($F$28:$F$34)*(AK28:AK34<>"")*(AK28:AK34<>"NE"))*$F$27+SUMPRODUCT(($F$36:$F$43)*(AK36:AK43<>"")*(AK36:AK43<>"NE"))*$F$35),"") | AO47: =IFERROR((SUM(AO6:AO12)+SUM(AO14:AO21)+SUM(AO23:AO26)+SUM(AO28:AO34)+SUM(AO36:AO43))/(SUMPRODUCT(($F$6:$F$12)*(AN6:AN12<>"")*(AN6:AN12<>"NE"))*$F$5+SUMPRODUCT(($F$14:$F$21)*(AN14:AN21<>"")*(AN14:AN21<>"NE"))*$F$13+SUMPRODUCT(($F$23:$F$26)*(AN23:AN26<>"")*(AN23:AN26<>"NE"))*$F$22+SUMPRODUCT(($F$28:$F$34)*(AN28:AN34<>"")*(AN28:AN34<>"NE"))*$F$27+SUMPRODUCT(($F$36:$F$43)*(AN36:AN43<>"")*(AN36:AN43<>"NE"))*$F$35),"") | AR47: =IFERROR((SUM(AR6:AR12)+SUM(AR14:AR21)+SUM(AR23:AR26)+SUM(AR28:AR34)+SUM(AR36:AR43))/(SUMPRODUCT(($F$6:$F$12)*(AQ6:AQ12<>"")*(AQ6:AQ12<>"NE"))*$F$5+SUMPRODUCT(($F$14:$F$21)*(AQ14:AQ21<>"")*(AQ14:AQ21<>"NE"))*$F$13+SUMPRODUCT(($F$23:$F$26)*(AQ23:AQ26<>"")*(AQ23:AQ26<>"NE"))*$F$22+SUMPRODUCT(($F$28:$F$34)*(AQ28:AQ34<>"")*(AQ28:AQ34<>"NE"))*$F$27+SUMPRODUCT(($F$36:$F$43)*(AQ36:AQ43<>"")*(AQ36:AQ43<>"NE"))*$F$35),"") | AU47: =IFERROR((SUM(AU6:AU12)+SUM(AU14:AU21)+SUM(AU23:AU26)+SUM(AU28:AU34)+SUM(AU36:AU43))/(SUMPRODUCT(($F$6:$F$12)*(AT6:AT12<>"")*(AT6:AT12<>"NE"))*$F$5+SUMPRODUCT(($F$14:$F$21)*(AT14:AT21<>"")*(AT14:AT21<>"NE"))*$F$13+SUMPRODUCT(($F$23:$F$26)*(AT23:AT26<>"")*(AT23:AT26<>"NE"))*$F$22+SUMPRODUCT(($F$28:$F$34)*(AT28:AT34<>"")*(AT28:AT34<>"NE"))*$F$27+SUMPRODUCT(($F$36:$F$43)*(AT36:AT43<>"")*(AT36:AT43<>"NE"))*$F$35),"") | AX47: =IFERROR((SUM(AX6:AX12)+SUM(AX14:AX21)+SUM(AX23:AX26)+SUM(AX28:AX34)+SUM(AX36:AX43))/(SUMPRODUCT(($F$6:$F$12)*(AW6:AW12<>"")*(AW6:AW12<>"NE"))*$F$5+SUMPRODUCT(($F$14:$F$21)*(AW14:AW21<>"")*(AW14:AW21<>"NE"))*$F$13+SUMPRODUCT(($F$23:$F$26)*(AW23:AW26<>"")*(AW23:AW26<>"NE"))*$F$22+SUMPRODUCT(($F$28:$F$34)*(AW28:AW34<>"")*(AW28:AW34<>"NE"))*$F$27+SUMPRODUCT(($F$36:$F$43)*(AW36:AW43<>"")*(AW36:AW43<>"NE"))*$F$35),"") | BA47: =IFERROR((SUM(BA6:BA12)+SUM(BA14:BA21)+SUM(BA23:BA26)+SUM(BA28:BA34)+SUM(BA36:BA43))/(SUMPRODUCT(($F$6:$F$12)*(AZ6:AZ12<>"")*(AZ6:AZ12<>"NE"))*$F$5+SUMPRODUCT(($F$14:$F$21)*(AZ14:AZ21<>"")*(AZ14:AZ21<>"NE"))*$F$13+SUMPRODUCT(($F$23:$F$26)*(AZ23:AZ26<>"")*(AZ23:AZ26<>"NE"))*$F$22+SUMPRODUCT(($F$28:$F$34)*(AZ28:AZ34<>"")*(AZ28:AZ34<>"NE"))*$F$27+SUMPRODUCT(($F$36:$F$43)*(AZ36:AZ43<>"")*(AZ36:AZ43<>"NE"))*$F$35),"") | BD47: =IFERROR((SUM(BD6:BD12)+SUM(BD14:BD21)+SUM(BD23:BD26)+SUM(BD28:BD34)+SUM(BD36:BD43))/(SUMPRODUCT(($F$6:$F$12)*(BC6:BC12<>"")*(BC6:BC12<>"NE"))*$F$5+SUMPRODUCT(($F$14:$F$21)*(BC14:BC21<>"")*(BC14:BC21<>"NE"))*$F$13+SUMPRODUCT(($F$23:$F$26)*(BC23:BC26<>"")*(BC23:BC26<>"NE"))*$F$22+SUMPRODUCT(($F$28:$F$34)*(BC28:BC34<>"")*(BC28:BC34<>"NE"))*$F$27+SUMPRODUCT(($F$36:$F$43)*(BC36:BC43<>"")*(BC36:BC43<>"NE"))*$F$35),"") | BG47: =IFERROR((SUM(BG6:BG12)+SUM(BG14:BG21)+SUM(BG23:BG26)+SUM(BG28:BG34)+SUM(BG36:BG43))/(SUMPRODUCT(($F$6:$F$12)*(BF6:BF12<>"")*(BF6:BF12<>"NE"))*$F$5+SUMPRODUCT(($F$14:$F$21)*(BF14:BF21<>"")*(BF14:BF21<>"NE"))*$F$13+SUMPRODUCT(($F$23:$F$26)*(BF23:BF26<>"")*(BF23:BF26<>"NE"))*$F$22+SUMPRODUCT(($F$28:$F$34)*(BF28:BF34<>"")*(BF28:BF34<>"NE"))*$F$27+SUMPRODUCT(($F$36:$F$43)*(BF36:BF43<>"")*(BF36:BF43<>"NE"))*$F$35),"") | BJ47: =IFERROR((SUM(BJ6:BJ12)+SUM(BJ14:BJ21)+SUM(BJ23:BJ26)+SUM(BJ28:BJ34)+SUM(BJ36:BJ43))/(SUMPRODUCT(($F$6:$F$12)*(BI6:BI12<>"")*(BI6:BI12<>"NE"))*$F$5+SUMPRODUCT(($F$14:$F$21)*(BI14:BI21<>"")*(BI14:BI21<>"NE"))*$F$13+SUMPRODUCT(($F$23:$F$26)*(BI23:BI26<>"")*(BI23:BI26<>"NE"))*$F$22+SUMPRODUCT(($F$28:$F$34)*(BI28:BI34<>"")*(BI28:BI34<>"NE"))*$F$27+SUMPRODUCT(($F$36:$F$43)*(BI36:BI43<>"")*(BI36:BI43<>"NE"))*$F$35),"") | BM47: =IFERROR((SUM(BM6:BM12)+SUM(BM14:BM21)+SUM(BM23:BM26)+SUM(BM28:BM34)+SUM(BM36:BM43))/(SUMPRODUCT(($F$6:$F$12)*(BL6:BL12<>"")*(BL6:BL12<>"NE"))*$F$5+SUMPRODUCT(($F$14:$F$21)*(BL14:BL21<>"")*(BL14:BL21<>"NE"))*$F$13+SUMPRODUCT(($F$23:$F$26)*(BL23:BL26<>"")*(BL23:BL26<>"NE"))*$F$22+SUMPRODUCT(($F$28:$F$34)*(BL28:BL34<>"")*(BL28:BL34<>"NE"))*$F$27+SUMPRODUCT(($F$36:$F$43)*(BL36:BL43<>"")*(BL36:BL43<>"NE"))*$F$35),"") | BP47: =IFERROR((SUM(BP6:BP12)+SUM(BP14:BP21)+SUM(BP23:BP26)+SUM(BP28:BP34)+SUM(BP36:BP43))/(SUMPRODUCT(($F$6:$F$12)*(BO6:BO12<>"")*(BO6:BO12<>"NE"))*$F$5+SUMPRODUCT(($F$14:$F$21)*(BO14:BO21<>"")*(BO14:BO21<>"NE"))*$F$13+SUMPRODUCT(($F$23:$F$26)*(BO23:BO26<>"")*(BO23:BO26<>"NE"))*$F$22+SUMPRODUCT(($F$28:$F$34)*(BO28:BO34<>"")*(BO28:BO34<>"NE"))*$F$27+SUMPRODUCT(($F$36:$F$43)*(BO36:BO43<>"")*(BO36:BO43<>"NE"))*$F$35),"") | BS47: =IFERROR((SUM(BS6:BS12)+SUM(BS14:BS21)+SUM(BS23:BS26)+SUM(BS28:BS34)+SUM(BS36:BS43))/(SUMPRODUCT(($F$6:$F$12)*(BR6:BR12<>"")*(BR6:BR12<>"NE"))*$F$5+SUMPRODUCT(($F$14:$F$21)*(BR14:BR21<>"")*(BR14:BR21<>"NE"))*$F$13+SUMPRODUCT(($F$23:$F$26)*(BR23:BR26<>"")*(BR23:BR26<>"NE"))*$F$22+SUMPRODUCT(($F$28:$F$34)*(BR28:BR34<>"")*(BR28:BR34<>"NE"))*$F$27+SUMPRODUCT(($F$36:$F$43)*(BR36:BR43<>"")*(BR36:BR43<>"NE"))*$F$35),"") | BV47: =IFERROR((SUM(BV6:BV12)+SUM(BV14:BV21)+SUM(BV23:BV26)+SUM(BV28:BV34)+SUM(BV36:BV43))/(SUMPRODUCT(($F$6:$F$12)*(BU6:BU12<>"")*(BU6:BU12<>"NE"))*$F$5+SUMPRODUCT(($F$14:$F$21)*(BU14:BU21<>"")*(BU14:BU21<>"NE"))*$F$13+SUMPRODUCT(($F$23:$F$26)*(BU23:BU26<>"")*(BU23:BU26<>"NE"))*$F$22+SUMPRODUCT(($F$28:$F$34)*(BU28:BU34<>"")*(BU28:BU34<>"NE"))*$F$27+SUMPRODUCT(($F$36:$F$43)*(BU36:BU43<>"")*(BU36:BU43<>"NE"))*$F$35),"") | BY47: =IFERROR((SUM(BY6:BY12)+SUM(BY14:BY21)+SUM(BY23:BY26)+SUM(BY28:BY34)+SUM(BY36:BY43))/(SUMPRODUCT(($F$6:$F$12)*(BX6:BX12<>"")*(BX6:BX12<>"NE"))*$F$5+SUMPRODUCT(($F$14:$F$21)*(BX14:BX21<>"")*(BX14:BX21<>"NE"))*$F$13+SUMPRODUCT(($F$23:$F$26)*(BX23:BX26<>"")*(BX23:BX26<>"NE"))*$F$22+SUMPRODUCT(($F$28:$F$34)*(BX28:BX34<>"")*(BX28:BX34<>"NE"))*$F$27+SUMPRODUCT(($F$36:$F$43)*(BX36:BX43<>"")*(BX36:BX43<>"NE"))*$F$35),"") | CB47: =IFERROR((SUM(CB6:CB12)+SUM(CB14:CB21)+SUM(CB23:CB26)+SUM(CB28:CB34)+SUM(CB36:CB43))/(SUMPRODUCT(($F$6:$F$12)*(CA6:CA12<>"")*(CA6:CA12<>"NE"))*$F$5+SUMPRODUCT(($F$14:$F$21)*(CA14:CA21<>"")*(CA14:CA21<>"NE"))*$F$13+SUMPRODUCT(($F$23:$F$26)*(CA23:CA26<>"")*(CA23:CA26<>"NE"))*$F$22+SUMPRODUCT(($F$28:$F$34)*(CA28:CA34<>"")*(CA28:CA34<>"NE"))*$F$27+SUMPRODUCT(($F$36:$F$43)*(CA36:CA43<>"")*(CA36:CA43<>"NE"))*$F$35),"") | CE47: =IFERROR((SUM(CE6:CE12)+SUM(CE14:CE21)+SUM(CE23:CE26)+SUM(CE28:CE34)+SUM(CE36:CE43))/(SUMPRODUCT(($F$6:$F$12)*(CD6:CD12<>"")*(CD6:CD12<>"NE"))*$F$5+SUMPRODUCT(($F$14:$F$21)*(CD14:CD21<>"")*(CD14:CD21<>"NE"))*$F$13+SUMPRODUCT(($F$23:$F$26)*(CD23:CD26<>"")*(CD23:CD26<>"NE"))*$F$22+SUMPRODUCT(($F$28:$F$34)*(CD28:CD34<>"")*(CD28:CD34<>"NE"))*$F$27+SUMPRODUCT(($F$36:$F$43)*(CD36:CD43<>"")*(CD36:CD43<>"NE"))*$F$35),"") | CH47: =IFERROR((SUM(CH6:CH12)+SUM(CH14:CH21)+SUM(CH23:CH26)+SUM(CH28:CH34)+SUM(CH36:CH43))/(SUMPRODUCT(($F$6:$F$12)*(CG6:CG12<>"")*(CG6:CG12<>"NE"))*$F$5+SUMPRODUCT(($F$14:$F$21)*(CG14:CG21<>"")*(CG14:CG21<>"NE"))*$F$13+SUMPRODUCT(($F$23:$F$26)*(CG23:CG26<>"")*(CG23:CG26<>"NE"))*$F$22+SUMPRODUCT(($F$28:$F$34)*(CG28:CG34<>"")*(CG28:CG34<>"NE"))*$F$27+SUMPRODUCT(($F$36:$F$43)*(CG36:CG43<>"")*(CG36:CG43<>"NE"))*$F$35),"") | CK47: =IFERROR((SUM(CK6:CK12)+SUM(CK14:CK21)+SUM(CK23:CK26)+SUM(CK28:CK34)+SUM(CK36:CK43))/(SUMPRODUCT(($F$6:$F$12)*(CJ6:CJ12<>"")*(CJ6:CJ12<>"NE"))*$F$5+SUMPRODUCT(($F$14:$F$21)*(CJ14:CJ21<>"")*(CJ14:CJ21<>"NE"))*$F$13+SUMPRODUCT(($F$23:$F$26)*(CJ23:CJ26<>"")*(CJ23:CJ26<>"NE"))*$F$22+SUMPRODUCT(($F$28:$F$34)*(CJ28:CJ34<>"")*(CJ28:CJ34<>"NE"))*$F$27+SUMPRODUCT(($F$36:$F$43)*(CJ36:CJ43<>"")*(CJ36:CJ43<>"NE"))*$F$35),"") | CN47: =IFERROR((SUM(CN6:CN12)+SUM(CN14:CN21)+SUM(CN23:CN26)+SUM(CN28:CN34)+SUM(CN36:CN43))/(SUMPRODUCT(($F$6:$F$12)*(CM6:CM12<>"")*(CM6:CM12<>"NE"))*$F$5+SUMPRODUCT(($F$14:$F$21)*(CM14:CM21<>"")*(CM14:CM21<>"NE"))*$F$13+SUMPRODUCT(($F$23:$F$26)*(CM23:CM26<>"")*(CM23:CM26<>"NE"))*$F$22+SUMPRODUCT(($F$28:$F$34)*(CM28:CM34<>"")*(CM28:CM34<>"NE"))*$F$27+SUMPRODUCT(($F$36:$F$43)*(CM36:CM43<>"")*(CM36:CM43<>"NE"))*$F$35),"") | CQ47: =IFERROR((SUM(CQ6:CQ12)+SUM(CQ14:CQ21)+SUM(CQ23:CQ26)+SUM(CQ28:CQ34)+SUM(CQ36:CQ43))/(SUMPRODUCT(($F$6:$F$12)*(CP6:CP12<>"")*(CP6:CP12<>"NE"))*$F$5+SUMPRODUCT(($F$14:$F$21)*(CP14:CP21<>"")*(CP14:CP21<>"NE"))*$F$13+SUMPRODUCT(($F$23:$F$26)*(CP23:CP26<>"")*(CP23:CP26<>"NE"))*$F$22+SUMPRODUCT(($F$28:$F$34)*(CP28:CP34<>"")*(CP28:CP34<>"NE"))*$F$27+SUMPRODUCT(($F$36:$F$43)*(CP36:CP43<>"")*(CP36:CP43<>"NE"))*$F$35),"")
E48: NOTE FINALE / 12 | H48: =IF(H47="","",H47*12/20) | K48: =IF(K47="","",K47*12/20) | N48: =IF(N47="","",N47*12/20) | Q48: =IF(Q47="","",Q47*12/20) | T48: =IF(T47="","",T47*12/20) | W48: =IF(W47="","",W47*12/20) | Z48: =IF(Z47="","",Z47*12/20) | AC48: =IF(AC47="","",AC47*12/20) | AF48: =IF(AF47="","",AF47*12/20) | AI48: =IF(AI47="","",AI47*12/20) | AL48: =IF(AL47="","",AL47*12/20) | AO48: =IF(AO47="","",AO47*12/20) | AR48: =IF(AR47="","",AR47*12/20) | AU48: =IF(AU47="","",AU47*12/20) | AX48: =IF(AX47="","",AX47*12/20) | BA48: =IF(BA47="","",BA47*12/20) | BD48: =IF(BD47="","",BD47*12/20) | BG48: =IF(BG47="","",BG47*12/20) | BJ48: =IF(BJ47="","",BJ47*12/20) | BM48: =IF(BM47="","",BM47*12/20) | BP48: =IF(BP47="","",BP47*12/20) | BS48: =IF(BS47="","",BS47*12/20) | BV48: =IF(BV47="","",BV47*12/20) | BY48: =IF(BY47="","",BY47*12/20) | CB48: =IF(CB47="","",CB47*12/20) | CE48: =IF(CE47="","",CE47*12/20) | CH48: =IF(CH47="","",CH47*12/20) | CK48: =IF(CK47="","",CK47*12/20) | CN48: =IF(CN47="","",CN47*12/20) | CQ48: =IF(CQ47="","",CQ47*12/20)
E50: % acquis (saisies = '2') | F50: =IFERROR((COUNTIF(G5:G43,"2")+COUNTIF(J5:J43,"2")+COUNTIF(M5:M43,"2")+COUNTIF(P5:P43,"2")+COUNTIF(S5:S43,"2")+COUNTIF(V5:V43,"2")+COUNTIF(Y5:Y43,"2")+COUNTIF(AB5:AB43,"2")+COUNTIF(AE5:AE43,"2")+COUNTIF(AH5:AH43,"2")+COUNTIF(AK5:AK43,"2")+COUNTIF(AN5:AN43,"2")+COUNTIF(AQ5:AQ43,"2")+COUNTIF(AT5:AT43,"2")+COUNTIF(AW5:AW43,"2")+COUNTIF(AZ5:AZ43,"2")+COUNTIF(BC5:BC43,"2")+COUNTIF(BF5:BF43,"2")+COUNTIF(BI5:BI43,"2")+COUNTIF(BL5:BL43,"2")+COUNTIF(BO5:BO43,"2")+COUNTIF(BR5:BR43,"2")+COUNTIF(BU5:BU43,"2")+COUNTIF(BX5:BX43,"2")+COUNTIF(CA5:CA43,"2")+COUNTIF(CD5:CD43,"2")+COUNTIF(CG5:CG43,"2")+COUNTIF(CJ5:CJ43,"2")+COUNTIF(CM5:CM43,"2")+COUNTIF(CP5:CP43,"2"))/((COUNTA(G5:G43)-COUNTIF(G5:G43,"NE"))+(COUNTA(J5:J43)-COUNTIF(J5:J43,"NE"))+(COUNTA(M5:M43)-COUNTIF(M5:M43,"NE"))+(COUNTA(P5:P43)-COUNTIF(P5:P43,"NE"))+(COUNTA(S5:S43)-COUNTIF(S5:S43,"NE"))+(COUNTA(V5:V43)-COUNTIF(V5:V43,"NE"))+(COUNTA(Y5:Y43)-COUNTIF(Y5:Y43,"NE"))+(COUNTA(AB5:AB43)-COUNTIF(AB5:AB43,"NE"))+(COUNTA(AE5:AE43)-COUNTIF(AE5:AE43,"NE"))+(COUNTA(AH5:AH43)-COUNTIF(AH5:AH43,"NE"))+(COUNTA(AK5:AK43)-COUNTIF(AK5:AK43,"NE"))+(COUNTA(AN5:AN43)-COUNTIF(AN5:AN43,"NE"))+(COUNTA(AQ5:AQ43)-COUNTIF(AQ5:AQ43,"NE"))+(COUNTA(AT5:AT43)-COUNTIF(AT5:AT43,"NE"))+(COUNTA(AW5:AW43)-COUNTIF(AW5:AW43,"NE"))+(COUNTA(AZ5:AZ43)-COUNTIF(AZ5:AZ43,"NE"))+(COUNTA(BC5:BC43)-COUNTIF(BC5:BC43,"NE"))+(COUNTA(BF5:BF43)-COUNTIF(BF5:BF43,"NE"))+(COUNTA(BI5:BI43)-COUNTIF(BI5:BI43,"NE"))+(COUNTA(BL5:BL43)-COUNTIF(BL5:BL43,"NE"))+(COUNTA(BO5:BO43)-COUNTIF(BO5:BO43,"NE"))+(COUNTA(BR5:BR43)-COUNTIF(BR5:BR43,"NE"))+(COUNTA(BU5:BU43)-COUNTIF(BU5:BU43,"NE"))+(COUNTA(BX5:BX43)-COUNTIF(BX5:BX43,"NE"))+(COUNTA(CA5:CA43)-COUNTIF(CA5:CA43,"NE"))+(COUNTA(CD5:CD43)-COUNTIF(CD5:CD43,"NE"))+(COUNTA(CG5:CG43)-COUNTIF(CG5:CG43,"NE"))+(COUNTA(CJ5:CJ43)-COUNTIF(CJ5:CJ43,"NE"))+(COUNTA(CM5:CM43)-COUNTIF(CM5:CM43,"NE"))+(COUNTA(CP5:CP43)-COUNTIF(CP5:CP43,"NE"))),"")
E51: Moyenne classe (note brute pondérée) | F51: =IFERROR(AVERAGE(H47,K47,N47,Q47,T47,W47,Z47,AC47,AF47,AI47,AL47,AO47,AR47,AU47,AX47,BA47,BD47,BG47,BJ47,BM47,BP47,BS47,BV47,BY47,CB47,CE47,CH47,CK47,CN47,CQ47),"")

Sheet Mode d'emploi
A1: Mode d'emploi de la grille de notation
A3: 1. SAISIE DES ÉVALUATIONS
A4: Pour chaque critère et chaque élève, dans la feuille de l'évaluation (ex: BB2 12-05-26), saisir UN seul des codes suivants dans la colonne 'E1', 'E2', etc. :
A5: • 0 → critère non acquis
A6: • 1 → critère partiellement acquis (½ point)
A7: • 2 → critère acquis
A8: • NE → critère non évalué (sera ignoré dans le calcul)
A10: La cellule propose une liste déroulante : toute autre valeur sera refusée par la validation de données.
A12: 2. CODES COULEURS
A13: • Vert pâle : saisie = 2 (critère acquis)
A14: • Rouge pâle : saisie = 0 (critère non acquis)
A15: • Gris : saisie = NE (non évalué)
... A43: Version générée par build_grille.py — 2026-05-15
